col_0,col_1,col_2,col_3,col_4,col_5,col_6,col_7,col_8,col_9,col_10,col_11,col_12,col_13,col_14,col_15,col_16,col_17,col_18,col_19,col_20,col_21,col_22,col_23,col_24,col_25,col_26,col_27,col_28,col_29,col_30,col_31,col_32,col_33,col_34,col_35,col_36,col_37,col_38,col_39,col_40,col_41,col_42,col_43,col_44,col_45,col_46,col_47,col_48,col_49,col_50,col_51,col_52,col_53,col_54,col_55,col_56,col_57,col_58,col_59,col_60,col_61,col_62,col_63,col_64,col_65,col_66,col_67,col_68,col_69,col_70,col_71,col_72,col_73,col_74,col_75,col_76,col_77,col_78,col_79,col_80,col_81,col_82,col_83,col_84,col_85,col_86,col_87,col_88,col_89,col_90,col_91,col_92,col_93,col_94,col_95,col_96,col_97,col_98,col_99,col_100,col_101,col_102,col_103,col_104,col_105,col_106,col_107,col_108,col_109,col_110,col_111,col_112,col_113,col_114,col_115,col_116,col_117,col_118,col_119,col_120,col_121,col_122,col_123,col_124,col_125,col_126,col_127,col_128,col_129,col_130,col_131,col_132,col_133,col_134,col_135,col_136,col_137,col_138,col_139,col_140,col_141,col_142,col_143,col_144,col_145,col_146,col_147,col_148,col_149,col_150,col_151,col_152,col_153,col_154,col_155,col_156,col_157,col_158,col_159,col_160,col_161,col_162,col_163,col_164,col_165,col_166,col_167,col_168,col_169,col_170,col_171,col_172,col_173,col_174,col_175,col_176,col_177,col_178,col_179,col_180,col_181,col_182,col_183,col_184,col_185,col_186,col_187,col_188,col_189,col_190,col_191,col_192,col_193,col_194,col_195,col_196,col_197,col_198,col_199,col_200,col_201,col_202,col_203,col_204,col_205,col_206,col_207,col_208,col_209,col_210,col_211,col_212,col_213,col_214,col_215,col_216,col_217,col_218,col_219,col_220,col_221,col_222,col_223,col_224,col_225,col_226,col_227,col_228,col_229,col_230,col_231,col_232,col_233,col_234,col_235,col_236,col_237,col_238,col_239,col_240,col_241,col_242,col_243,col_244,col_245,col_246,col_247,col_248,col_249,col_250,col_251,col_252,col_253,col_254,col_255,label,kondisi_tanah,aktivitas
-4.354188,-1.00185,-0.966015,-1.076615,-1.315342,-1.501438,-1.619101,-1.513459,-2.099061,3.871989,-2.764401,-2.434195,-2.488669,-2.427578,-4.616892,-2.498929,-0.155705,-2.352839,-2.231987,-2.1384,-2.142315,-1.792672,-0.763147,-3.559567,-1.509897,-1.739979,-2.205943,0.388659,-1.734335,-1.799942,-2.05209,-1.756989,-2.087449,-0.344904,-2.032769,-2.212343,1.268208,-2.212492,-2.498204,-1.989834,-1.963032,-1.821253,-1.970414,-1.652457,-1.885014,-1.694401,-1.728966,-1.498594,-1.932785,-1.963112,-2.050204,-2.01652,-2.198887,-2.145546,-2.336344,-2.612635,-2.811535,-4.337478,14.544107,-3.017222,-2.860447,-2.37294,-2.31233,-2.12188,-2.001543,-2.072924,-2.021613,-1.962498,-1.843851,-1.656981,-1.514359,-1.811953,-1.819823,-3.55968,16.0,-1.955263,-1.799246,-2.182331,-2.571362,-2.542807,-2.591345,-2.421322,-1.773442,-1.97843,-1.436758,-0.60161,0.199337,-2.134133,-1.919463,-2.017868,-2.253497,-2.352875,-2.628878,-2.513947,-4.019379,15.928925,-1.795212,-1.875679,-1.942252,-2.008677,-2.408293,-2.662407,-2.098801,-2.178784,-1.939841,-1.856613,-1.997624,-2.062748,-2.181803,-2.251793,-2.675579,-1.939616,-2.213589,-1.916695,-1.71772,-2.036925,-1.711939,-0.252132,-2.435642,-2.383854,-1.897471,-1.568779,-1.821064,-1.812849,-2.297924,-3.133855,16.0,-2.654742,-3.521897,-2.21393,-2.16976,-2.371636,-2.575489,-2.53706,-2.652693,-2.426422,-2.455399,-1.964392,-2.685807,16.0,-3.056908,-3.063052,-2.993231,-1.904326,-1.639813,-1.381779,-2.39576,-2.116053,-2.134676,-2.392508,-2.514191,-1.73284,-8.086016,16.0,-2.16267,-2.747588,-2.911419,-2.604265,-2.10215,-1.806456,-2.164965,-2.402514,-2.595272,-2.993777,-2.37994,-1.98182,-2.607084,-1.475264,-2.133864,-2.045454,-2.885882,-2.77829,-2.933323,-2.341044,-2.349146,-1.88933,-2.387697,-2.915793,-2.754324,-6.1949,16.0,-3.197671,-2.167265,-2.211125,-2.629017,-3.031577,-2.968882,-2.758641,-3.287047,-2.992453,-1.908442,-1.640953,-1.996073,-2.06021,-2.577034,0.476481,-3.094239,-2.99358,-2.39337,-1.485077,-2.006253,-3.022032,-2.918057,-2.963581,-3.131136,-2.603384,-2.210076,-2.154637,-2.630987,-2.984854,-2.018477,-2.574341,-3.489333,-3.166024,-2.496338,-3.494294,0.750727,-1.521153,-2.653841,-2.897593,-3.468022,-3.064625,-3.252726,-16.000001,-2.122154,-2.339327,-2.332209,-2.34981,-2.034823,-3.085902,-2.875945,-3.181329,-2.936518,-2.922434,-2.615788,-2.362248,-2.670019,-2.01553,-2.349068,-3.267205,-2.126975,-2.469694,-2.709437,-7.232182,-3.172356,-2.760338,-2.453289,-2.277849,-2.442137,-2.462668,-3.389204,-3.270247,-0.886107,-3.253436,-2.939751,-3.075515,diem,tanah_basah,diem
0.000299,-0.000248,1.5e-05,-0.000628,0.000404,0.000158,0.001274,0.001591,-0.000452,0.000126,-0.000345,0.000853,0.001116,0.001307,-0.000195,-0.000563,-0.000624,0.000267,4.6e-05,0.000603,-0.000231,-0.000191,0.000223,-0.000298,-0.000317,-0.000135,-0.000816,0.000143,0.000114,-0.000759,0.000486,-0.000687,-0.000938,-0.001408,0.000193,-0.000544,-0.000214,-6.1e-05,0.000233,5.5e-05,0.009989,0.000826,0.000143,-0.000216,-0.000319,-0.00034,-0.000753,-0.000433,0.000265,0.001204,-0.000498,-0.000143,0.000328,0.000523,4.4e-05,0.000544,-0.000364,0.00017,3.2e-05,-0.0002,-0.00028,-0.000217,-0.001381,-0.000338,0.000221,-0.000242,-0.000269,0.00045,-0.000893,-0.000875,0.000242,8.8e-05,-0.001011,-0.000235,-1.9e-05,-8.2e-05,8.4e-05,-0.000534,-0.000755,-0.000492,-6.5e-05,-0.000551,-0.000557,0.000587,-0.00041,0.000624,-0.000401,0.000433,-0.000317,-0.000265,-0.000395,0.000618,-0.000912,-0.000555,-0.000296,0.000906,3.6e-05,-0.000658,0.000477,-0.00032,-0.000359,-0.000772,0.00112,0.000126,0.000523,-8.6e-05,0.001629,-0.000521,-0.000263,0.000111,6.3e-05,-0.000435,0.00013,-0.000431,-0.00119,-0.000496,-0.000719,0.000616,-0.000778,0.000853,0.000734,0.00354,0.001482,-0.000242,-3.1e-05,-0.000158,-0.000902,0.000132,0.000587,-0.000792,1.7e-05,0.000292,-6.9e-05,-8e-06,0.000158,0.000147,0.000181,-3.8e-05,3.1e-05,-0.000143,-0.000385,0.000803,0.000584,-0.000154,-0.000771,-4e-06,0.000296,0.000114,-0.000418,-0.000633,0.000502,0.00038,0.000332,-0.000589,0.001455,-0.000671,-0.00046,0.000483,8.4e-05,0.000124,-0.001965,-0.001102,0.000711,-0.000505,0.000473,-0.000555,-0.000797,-0.000557,0.00034,-3.8e-05,0.00057,-0.002029,0.00025,-0.000536,0.000359,-0.000196,0.000408,0.002207,8e-05,-0.001448,0.001671,0.003119,0.003139,9.9e-05,-0.000546,0.000381,3.6e-05,0.00036,0.000408,0.000189,0.001902,0.00082,0.000616,-0.000219,-1.9e-05,-0.000296,0.000101,-0.000565,0.000723,0.000931,-0.00013,-0.001177,0.000257,0.000181,-0.000263,-7.1e-05,-0.00045,-0.000753,0.000202,-0.000475,-0.000713,-0.000408,-0.000208,-0.000134,0.000582,0.000452,-8.6e-05,0.000156,-0.000334,0.000196,-0.000397,-0.003349,1.5e-05,-3.4e-05,-5.7e-05,-0.000183,-0.001022,0.000429,0.000158,0.000486,0.001686,-0.00021,-0.000942,-0.000261,0.000298,-0.000713,-5.7e-05,2.5e-05,7.1e-05,0.000923,-0.001451,-0.000561,-0.00111,0.000351,-0.000639,0.000273,-0.000158,-0.000505,0.000933,0.000231,8e-06,-9.2e-05,-0.000957,-0.000437,-1.1e-05,-0.000397,diem,tanah_basah,diem
-0.000395,0.000618,-0.000912,-0.000555,-0.000296,0.000906,3.6e-05,-0.000658,0.000477,-0.00032,-0.000359,-0.000772,0.00112,0.000126,0.000523,-8.6e-05,0.001629,-0.000521,-0.000263,0.000111,6.3e-05,-0.000435,0.00013,-0.000431,-0.00119,-0.000496,-0.000719,0.000616,-0.000778,0.000853,0.000734,0.00354,0.001482,-0.000242,-3.1e-05,-0.000158,-0.000902,0.000132,0.000587,-0.000792,1.7e-05,0.000292,-6.9e-05,-8e-06,0.000158,0.000147,0.000181,-3.8e-05,3.1e-05,-0.000143,-0.000385,0.000803,0.000584,-0.000154,-0.000771,-4e-06,0.000296,0.000114,-0.000418,-0.000633,0.000502,0.00038,0.000332,-0.000589,0.001455,-0.000671,-0.00046,0.000483,8.4e-05,0.000124,-0.001965,-0.001102,0.000711,-0.000505,0.000473,-0.000555,-0.000797,-0.000557,0.00034,-3.8e-05,0.00057,-0.002029,0.00025,-0.000536,0.000359,-0.000196,0.000408,0.002207,8e-05,-0.001448,0.001671,0.003119,0.003139,9.9e-05,-0.000546,0.000381,3.6e-05,0.00036,0.000408,0.000189,0.001902,0.00082,0.000616,-0.000219,-1.9e-05,-0.000296,0.000101,-0.000565,0.000723,0.000931,-0.00013,-0.001177,0.000257,0.000181,-0.000263,-7.1e-05,-0.00045,-0.000753,0.000202,-0.000475,-0.000713,-0.000408,-0.000208,-0.000134,0.000582,0.000452,-8.6e-05,0.000156,-0.000334,0.000196,-0.000397,-0.003349,1.5e-05,-3.4e-05,-5.7e-05,-0.000183,-0.001022,0.000429,0.000158,0.000486,0.001686,-0.00021,-0.000942,-0.000261,0.000298,-0.000713,-5.7e-05,2.5e-05,7.1e-05,0.000923,-0.001451,-0.000561,-0.00111,0.000351,-0.000639,0.000273,-0.000158,-0.000505,0.000933,0.000231,8e-06,-9.2e-05,-0.000957,-0.000437,-1.1e-05,-0.000397,-8e-05,-0.00038,0.001024,-0.000221,-9.7e-05,-9.7e-05,9.2e-05,-0.000536,-0.000584,-0.000187,-0.000706,-0.000338,0.00046,3.8e-05,7.2e-05,-5.7e-05,-0.000523,-0.000179,-0.000242,0.000452,-0.00032,-0.000612,0.002401,-0.000313,0.00024,-0.000494,0.000265,-0.000162,-0.000721,-0.000599,-9.9e-05,-0.001766,-0.000563,0.000124,0.000793,-0.000198,-0.00071,-0.000423,-5.1e-05,-0.000717,-0.000334,0.000177,-0.000362,0.000164,-0.000406,-0.000456,-0.00016,7.6e-05,-0.000517,-2.9e-05,-0.000404,0.000753,1.1e-05,-0.000847,0.002171,-0.000895,0.001577,0.000456,-0.000216,-0.000481,0.001047,0.000425,-0.00062,-0.001102,1.7e-05,-2e-06,-0.000328,0.000435,-0.000372,0.000298,-0.000185,0.000534,1.3e-05,0.001232,-0.000647,-0.001265,-0.000484,-0.000183,0.000952,-0.000525,-0.000406,-0.000103,-0.000242,-0.000158,7.2e-05,-6.7e-05,-2.9e-05,0.000113,-6.9e-05,-0.000349,diem,tanah_basah,diem
0.001671,0.003119,0.003139,9.9e-05,-0.000546,0.000381,3.6e-05,0.00036,0.000408,0.000189,0.001902,0.00082,0.000616,-0.000219,-1.9e-05,-0.000296,0.000101,-0.000565,0.000723,0.000931,-0.00013,-0.001177,0.000257,0.000181,-0.000263,-7.1e-05,-0.00045,-0.000753,0.000202,-0.000475,-0.000713,-0.000408,-0.000208,-0.000134,0.000582,0.000452,-8.6e-05,0.000156,-0.000334,0.000196,-0.000397,-0.003349,1.5e-05,-3.4e-05,-5.7e-05,-0.000183,-0.001022,0.000429,0.000158,0.000486,0.001686,-0.00021,-0.000942,-0.000261,0.000298,-0.000713,-5.7e-05,2.5e-05,7.1e-05,0.000923,-0.001451,-0.000561,-0.00111,0.000351,-0.000639,0.000273,-0.000158,-0.000505,0.000933,0.000231,8e-06,-9.2e-05,-0.000957,-0.000437,-1.1e-05,-0.000397,-8e-05,-0.00038,0.001024,-0.000221,-9.7e-05,-9.7e-05,9.2e-05,-0.000536,-0.000584,-0.000187,-0.000706,-0.000338,0.00046,3.8e-05,7.2e-05,-5.7e-05,-0.000523,-0.000179,-0.000242,0.000452,-0.00032,-0.000612,0.002401,-0.000313,0.00024,-0.000494,0.000265,-0.000162,-0.000721,-0.000599,-9.9e-05,-0.001766,-0.000563,0.000124,0.000793,-0.000198,-0.00071,-0.000423,-5.1e-05,-0.000717,-0.000334,0.000177,-0.000362,0.000164,-0.000406,-0.000456,-0.00016,7.6e-05,-0.000517,-2.9e-05,-0.000404,0.000753,1.1e-05,-0.000847,0.002171,-0.000895,0.001577,0.000456,-0.000216,-0.000481,0.001047,0.000425,-0.00062,-0.001102,1.7e-05,-2e-06,-0.000328,0.000435,-0.000372,0.000298,-0.000185,0.000534,1.3e-05,0.001232,-0.000647,-0.001265,-0.000484,-0.000183,0.000952,-0.000525,-0.000406,-0.000103,-0.000242,-0.000158,7.2e-05,-6.7e-05,-2.9e-05,0.000113,-6.9e-05,-0.000349,0.000523,-0.00021,-0.000153,-0.000149,-0.000196,-0.000223,-0.000296,0.000183,-0.000387,-0.000566,-0.000418,-7.4e-05,-0.00083,-0.000118,-0.000275,8e-05,0.000124,-1.3e-05,-0.000498,-0.000387,0.000307,-0.000175,0.000113,0.000393,-0.000612,0.000147,2.5e-05,-2e-06,0.000296,-0.00037,-0.000149,-0.000322,0.00012,-0.000444,-0.000229,-0.000168,-0.000132,-8.2e-05,-0.000584,-0.000416,-0.000471,-0.000645,0.000202,-3.8e-05,-0.000378,-0.000448,-0.000198,0.000275,-0.000393,0.000107,-0.000629,-0.000174,-0.000183,0.000641,-0.000292,-0.000265,0.000313,-0.000309,-0.000114,0.000212,-0.000633,-4e-05,-0.000658,-4.8e-05,-0.000254,-0.000511,5.7e-05,-0.000132,-0.000591,-0.000257,0.000221,-7.1e-05,0.000116,-0.000536,-0.000103,-4e-06,0.000294,-0.000366,-8.6e-05,0.000526,-0.000118,-0.000105,0.000126,-0.000511,-0.00106,-0.000549,-0.000246,-0.000662,-7.6e-05,-0.000135,diem,tanah_basah,diem
7.2e-05,-5.7e-05,-0.000523,-0.000179,-0.000242,0.000452,-0.00032,-0.000612,0.002401,-0.000313,0.00024,-0.000494,0.000265,-0.000162,-0.000721,-0.000599,-9.9e-05,-0.001766,-0.000563,0.000124,0.000793,-0.000198,-0.00071,-0.000423,-5.1e-05,-0.000717,-0.000334,0.000177,-0.000362,0.000164,-0.000406,-0.000456,-0.00016,7.6e-05,-0.000517,-2.9e-05,-0.000404,0.000753,1.1e-05,-0.000847,0.002171,-0.000895,0.001577,0.000456,-0.000216,-0.000481,0.001047,0.000425,-0.00062,-0.001102,1.7e-05,-2e-06,-0.000328,0.000435,-0.000372,0.000298,-0.000185,0.000534,1.3e-05,0.001232,-0.000647,-0.001265,-0.000484,-0.000183,0.000952,-0.000525,-0.000406,-0.000103,-0.000242,-0.000158,7.2e-05,-6.7e-05,-2.9e-05,0.000113,-6.9e-05,-0.000349,0.000523,-0.00021,-0.000153,-0.000149,-0.000196,-0.000223,-0.000296,0.000183,-0.000387,-0.000566,-0.000418,-7.4e-05,-0.00083,-0.000118,-0.000275,8e-05,0.000124,-1.3e-05,-0.000498,-0.000387,0.000307,-0.000175,0.000113,0.000393,-0.000612,0.000147,2.5e-05,-2e-06,0.000296,-0.00037,-0.000149,-0.000322,0.00012,-0.000444,-0.000229,-0.000168,-0.000132,-8.2e-05,-0.000584,-0.000416,-0.000471,-0.000645,0.000202,-3.8e-05,-0.000378,-0.000448,-0.000198,0.000275,-0.000393,0.000107,-0.000629,-0.000174,-0.000183,0.000641,-0.000292,-0.000265,0.000313,-0.000309,-0.000114,0.000212,-0.000633,-4e-05,-0.000658,-4.8e-05,-0.000254,-0.000511,5.7e-05,-0.000132,-0.000591,-0.000257,0.000221,-7.1e-05,0.000116,-0.000536,-0.000103,-4e-06,0.000294,-0.000366,-8.6e-05,0.000526,-0.000118,-0.000105,0.000126,-0.000511,-0.00106,-0.000549,-0.000246,-0.000662,-7.6e-05,-0.000135,-0.000162,-2.9e-05,0.000172,2.1e-05,-2.1e-05,4.4e-05,-0.000368,0.000416,-0.000507,-0.000185,-0.000311,4.6e-05,-0.000555,-0.000622,-0.000156,-0.000456,-0.000147,-0.000387,0.000986,-0.00037,6.9e-05,-0.000341,2.5e-05,0.001009,-0.000326,-0.000343,-0.000244,-0.000288,-0.000116,-2.5e-05,-8.2e-05,4.8e-05,0.000149,7.2e-05,-0.000458,-0.000301,-0.000259,-9.9e-05,-0.000488,-0.000324,-0.000336,8.2e-05,-0.000114,-4e-05,0.00028,-0.0002,0.000477,-0.0002,0.00013,-0.000153,-0.000261,9e-05,-0.000164,-0.000351,-0.000122,-0.00017,0.000351,-0.000114,-0.000587,-0.00029,-0.000345,6.9e-05,-0.000607,-0.00046,0.00049,0.000563,-0.000237,-9.2e-05,-0.000622,-0.000374,-0.00049,-0.000732,-0.000528,-0.000219,-6e-06,-0.000193,9.9e-05,-0.000309,-0.000498,0.000191,-0.000355,-0.000151,0.00032,-0.000191,-0.000389,-0.000284,-9.5e-05,0.000282,-0.00012,-0.000479,diem,tanah_basah,diem
-0.000275,8e-05,0.000124,-1.3e-05,-0.000498,-0.000387,0.000307,-0.000175,0.000113,0.000393,-0.000612,0.000147,2.5e-05,-2e-06,0.000296,-0.00037,-0.000149,-0.000322,0.00012,-0.000444,-0.000229,-0.000168,-0.000132,-8.2e-05,-0.000584,-0.000416,-0.000471,-0.000645,0.000202,-3.8e-05,-0.000378,-0.000448,-0.000198,0.000275,-0.000393,0.000107,-0.000629,-0.000174,-0.000183,0.000641,-0.000292,-0.000265,0.000313,-0.000309,-0.000114,0.000212,-0.000633,-4e-05,-0.000658,-4.8e-05,-0.000254,-0.000511,5.7e-05,-0.000132,-0.000591,-0.000257,0.000221,-7.1e-05,0.000116,-0.000536,-0.000103,-4e-06,0.000294,-0.000366,-8.6e-05,0.000526,-0.000118,-0.000105,0.000126,-0.000511,-0.00106,-0.000549,-0.000246,-0.000662,-7.6e-05,-0.000135,-0.000162,-2.9e-05,0.000172,2.1e-05,-2.1e-05,4.4e-05,-0.000368,0.000416,-0.000507,-0.000185,-0.000311,4.6e-05,-0.000555,-0.000622,-0.000156,-0.000456,-0.000147,-0.000387,0.000986,-0.00037,6.9e-05,-0.000341,2.5e-05,0.001009,-0.000326,-0.000343,-0.000244,-0.000288,-0.000116,-2.5e-05,-8.2e-05,4.8e-05,0.000149,7.2e-05,-0.000458,-0.000301,-0.000259,-9.9e-05,-0.000488,-0.000324,-0.000336,8.2e-05,-0.000114,-4e-05,0.00028,-0.0002,0.000477,-0.0002,0.00013,-0.000153,-0.000261,9e-05,-0.000164,-0.000351,-0.000122,-0.00017,0.000351,-0.000114,-0.000587,-0.00029,-0.000345,6.9e-05,-0.000607,-0.00046,0.00049,0.000563,-0.000237,-9.2e-05,-0.000622,-0.000374,-0.00049,-0.000732,-0.000528,-0.000219,-6e-06,-0.000193,9.9e-05,-0.000309,-0.000498,0.000191,-0.000355,-0.000151,0.00032,-0.000191,-0.000389,-0.000284,-9.5e-05,0.000282,-0.00012,-0.000479,0.001301,4.2e-05,-0.000269,-0.000511,-0.000431,5.3e-05,-0.000257,1e-05,0.000637,-0.000221,-5.1e-05,0.000345,0.001474,-0.000299,7.1e-05,-3.4e-05,0.000166,-1.5e-05,-0.000551,0.00034,0.000149,-0.000677,0.000376,0.000694,-0.0005,-1.1e-05,0.001036,0.000729,-0.000153,-3.2e-05,0.000793,6.3e-05,-0.000217,-0.000784,0.000338,-0.000233,-0.00049,0.000254,-0.000204,-0.00065,-0.000425,0.000507,-0.000429,-0.000244,-0.000254,0.000332,-0.000273,0.00013,-0.000399,0.000702,-0.000532,-0.000517,0.000557,-0.000347,-0.000195,-0.000639,-0.000284,0.00016,0.000792,0.000341,0.000826,0.000753,0.000349,0.000378,-5.1e-05,-0.000513,-0.000437,0.000256,-0.000423,-0.001478,-0.000732,-0.000395,-0.00038,-0.001215,-0.000982,-0.001272,0.000263,0.000328,7.8e-05,-0.000324,0.000521,0.001137,0.003864,1.7e-05,0.001171,-0.001408,-0.002161,0.001673,0.000544,-9.2e-05,diem,tanah_basah,diem
-0.000715,0.001762,0.001131,0.000305,0.000845,0.001196,-3.4e-05,0.000101,0.00057,0.00075,-0.000303,-0.000166,-0.000776,7.6e-05,-0.000517,0.000677,3.4e-05,0.000193,0.000408,-0.000422,0.000462,-0.000273,0.000435,0.000221,-0.000942,-0.000416,-0.000456,-0.00029,0.00046,-0.001434,-0.001062,-0.00103,0.002388,-0.000221,-0.000179,0.000328,0.000566,0.000208,-0.000919,0.000727,0.000376,0.001085,-0.00079,-0.001551,-0.001348,-0.00021,-0.000246,-0.000298,0.000858,-0.000824,-0.000748,0.00139,-0.002914,0.001225,-0.000559,0.001234,-0.000536,-0.000725,0.001709,-0.000605,-0.002768,0.000431,-0.001299,-0.001514,-0.00149,-0.000397,-0.002045,0.000444,-0.001135,-0.00057,0.000206,-0.000458,0.001225,0.000906,0.002441,-0.002251,0.001574,-0.00074,0.001713,-0.000488,0.000725,-0.00359,-0.001177,0.003002,0.001984,0.000671,-0.004234,-0.000107,0.002808,0.002079,-0.001411,0.002953,-0.001247,-0.000805,-0.001965,0.000366,0.001411,0.000364,0.000332,-0.001324,0.000628,0.000528,-0.000849,-0.000265,4.6e-05,0.000162,-0.00049,-0.001389,0.00131,-0.001635,0.0021,-9.3e-05,-0.001465,-0.000305,-0.000578,-0.001183,-0.000244,0.000792,0.000828,-0.000111,-0.000458,-0.001389,0.001072,0.000723,-0.000685,-0.000246,-0.001049,-0.00172,0.000229,-0.001488,0.000292,0.000357,-0.001245,-0.00132,-0.002462,0.000366,-0.002003,-0.001383,-0.001974,0.001408,-0.001873,-0.001747,0.000692,0.000271,-0.002062,0.000536,0.001883,0.001402,-0.00013,-0.001097,0.000885,-0.000572,0.000948,0.000372,0.001564,0.000401,-0.000574,-0.000206,-0.001711,-0.001017,0.001379,0.000145,-0.00058,-0.000223,2.3e-05,-0.000252,-0.000116,-0.000111,-0.000746,0.000935,0.000116,-0.001776,0.000799,0.000111,-0.000475,-0.000673,0.000513,-0.000196,0.00042,-0.000566,-0.001139,0.000896,-0.001389,0.000986,-4.2e-05,0.000158,-0.000336,-0.000217,0.000416,-0.001106,0.000235,-0.000103,-0.004887,-0.000587,5.1e-05,-0.000336,-0.00075,-0.000122,0.00036,0.000561,0.000898,0.001076,-0.000538,-0.000418,-6e-06,-9.7e-05,0.000456,0.00017,0.000616,0.001213,0.00033,-7.2e-05,-0.000811,6.5e-05,-0.00124,-0.001192,0.000204,0.000597,-0.001736,0.000202,0.000921,0.001915,7.6e-05,-0.000217,-0.000311,0.000719,0.00053,-0.000221,2.3e-05,0.000126,0.00075,0.000906,-6.3e-05,0.000446,-4.2e-05,-0.000536,0.002222,0.000805,-0.000122,0.000364,0.000454,0.000416,-5.9e-05,-0.000227,0.00099,-0.000608,-8.6e-05,0.000776,0.00106,0.000238,0.000877,-6.1e-05,-0.00025,-0.001165,-0.000397,0.000565,diem,tanah_basah,diem
-0.001411,0.002953,-0.001247,-0.000805,-0.001965,0.000366,0.001411,0.000364,0.000332,-0.001324,0.000628,0.000528,-0.000849,-0.000265,4.6e-05,0.000162,-0.00049,-0.001389,0.00131,-0.001635,0.0021,-9.3e-05,-0.001465,-0.000305,-0.000578,-0.001183,-0.000244,0.000792,0.000828,-0.000111,-0.000458,-0.001389,0.001072,0.000723,-0.000685,-0.000246,-0.001049,-0.00172,0.000229,-0.001488,0.000292,0.000357,-0.001245,-0.00132,-0.002462,0.000366,-0.002003,-0.001383,-0.001974,0.001408,-0.001873,-0.001747,0.000692,0.000271,-0.002062,0.000536,0.001883,0.001402,-0.00013,-0.001097,0.000885,-0.000572,0.000948,0.000372,0.001564,0.000401,-0.000574,-0.000206,-0.001711,-0.001017,0.001379,0.000145,-0.00058,-0.000223,2.3e-05,-0.000252,-0.000116,-0.000111,-0.000746,0.000935,0.000116,-0.001776,0.000799,0.000111,-0.000475,-0.000673,0.000513,-0.000196,0.00042,-0.000566,-0.001139,0.000896,-0.001389,0.000986,-4.2e-05,0.000158,-0.000336,-0.000217,0.000416,-0.001106,0.000235,-0.000103,-0.004887,-0.000587,5.1e-05,-0.000336,-0.00075,-0.000122,0.00036,0.000561,0.000898,0.001076,-0.000538,-0.000418,-6e-06,-9.7e-05,0.000456,0.00017,0.000616,0.001213,0.00033,-7.2e-05,-0.000811,6.5e-05,-0.00124,-0.001192,0.000204,0.000597,-0.001736,0.000202,0.000921,0.001915,7.6e-05,-0.000217,-0.000311,0.000719,0.00053,-0.000221,2.3e-05,0.000126,0.00075,0.000906,-6.3e-05,0.000446,-4.2e-05,-0.000536,0.002222,0.000805,-0.000122,0.000364,0.000454,0.000416,-5.9e-05,-0.000227,0.00099,-0.000608,-8.6e-05,0.000776,0.00106,0.000238,0.000877,-6.1e-05,-0.00025,-0.001165,-0.000397,0.000565,0.00082,-0.00112,2.5e-05,-0.00033,-0.000523,-0.000101,-8.2e-05,-0.000959,-0.00136,5.3e-05,-0.000111,3.1e-05,-0.000357,0.001945,-0.003618,-2.5e-05,0.001904,-0.000296,0.000191,-0.000671,0.000288,0.000254,-0.000853,-0.000937,0.000614,0.000504,0.000122,0.001202,0.000605,0.000923,-0.000359,-0.000151,-4.8e-05,-0.000956,0.00058,-0.000267,-0.000713,0.000435,-0.000729,-0.000956,6e-06,0.001747,-0.000328,-0.000166,-0.000235,-0.000669,0.000696,0.000362,-0.00066,0.000546,-0.001415,-0.001022,0.000206,-0.001106,-0.000393,-0.000792,-0.00017,1.1e-05,0.000977,0.000702,-0.000248,-0.000504,0.000147,-0.000469,-0.001112,-0.000624,9.3e-05,-0.000401,0.000666,-0.000731,-0.000637,-0.000202,-8e-05,0.000284,0.000668,-0.000444,0.000336,0.000671,-0.000368,-0.000284,-0.000172,-0.000328,-8.6e-05,-0.000313,-9e-05,0.000467,-0.000954,-9.3e-05,-0.00013,-0.00029,diem,tanah_basah,diem
-0.001139,0.000896,-0.001389,0.000986,-4.2e-05,0.000158,-0.000336,-0.000217,0.000416,-0.001106,0.000235,-0.000103,-0.004887,-0.000587,5.1e-05,-0.000336,-0.00075,-0.000122,0.00036,0.000561,0.000898,0.001076,-0.000538,-0.000418,-6e-06,-9.7e-05,0.000456,0.00017,0.000616,0.001213,0.00033,-7.2e-05,-0.000811,6.5e-05,-0.00124,-0.001192,0.000204,0.000597,-0.001736,0.000202,0.000921,0.001915,7.6e-05,-0.000217,-0.000311,0.000719,0.00053,-0.000221,2.3e-05,0.000126,0.00075,0.000906,-6.3e-05,0.000446,-4.2e-05,-0.000536,0.002222,0.000805,-0.000122,0.000364,0.000454,0.000416,-5.9e-05,-0.000227,0.00099,-0.000608,-8.6e-05,0.000776,0.00106,0.000238,0.000877,-6.1e-05,-0.00025,-0.001165,-0.000397,0.000565,0.00082,-0.00112,2.5e-05,-0.00033,-0.000523,-0.000101,-8.2e-05,-0.000959,-0.00136,5.3e-05,-0.000111,3.1e-05,-0.000357,0.001945,-0.003618,-2.5e-05,0.001904,-0.000296,0.000191,-0.000671,0.000288,0.000254,-0.000853,-0.000937,0.000614,0.000504,0.000122,0.001202,0.000605,0.000923,-0.000359,-0.000151,-4.8e-05,-0.000956,0.00058,-0.000267,-0.000713,0.000435,-0.000729,-0.000956,6e-06,0.001747,-0.000328,-0.000166,-0.000235,-0.000669,0.000696,0.000362,-0.00066,0.000546,-0.001415,-0.001022,0.000206,-0.001106,-0.000393,-0.000792,-0.00017,1.1e-05,0.000977,0.000702,-0.000248,-0.000504,0.000147,-0.000469,-0.001112,-0.000624,9.3e-05,-0.000401,0.000666,-0.000731,-0.000637,-0.000202,-8e-05,0.000284,0.000668,-0.000444,0.000336,0.000671,-0.000368,-0.000284,-0.000172,-0.000328,-8.6e-05,-0.000313,-9e-05,0.000467,-0.000954,-9.3e-05,-0.00013,-0.00029,-0.000618,-0.000177,-0.000948,-3.8e-05,-0.000942,-0.000158,-0.000349,0.001364,-0.000681,0.000252,-2e-06,-0.001226,-0.001707,-0.000185,-0.000536,-0.000366,0.000471,-2.9e-05,0.001162,-0.0009,-0.00029,-0.001238,0.001875,0.002232,-5e-05,-0.000425,7.8e-05,0.000822,-0.000332,-0.000193,-0.000196,0.001551,0.001511,0.000526,-0.00013,0.00045,-0.00057,-0.001637,-0.000183,-0.000237,-2e-06,-0.000406,0.000454,-0.000311,-0.000235,0.000574,-0.000341,-0.000347,-2.7e-05,-0.000671,0.000368,0.000124,0.000555,0.000229,-0.000265,0.000145,-0.00028,-7.8e-05,-0.000254,-0.0009,-6.1e-05,0.001059,-0.00086,-0.001034,-9.7e-05,4.8e-05,0.000227,8e-06,-0.000259,-0.001051,0.001699,-0.000427,-8e-06,-0.000143,-0.000196,-0.001146,-0.000664,-0.000736,0.000284,-0.000214,0.000101,-0.000158,-0.000435,0.000128,-0.000486,-0.000961,0.000483,0.000332,-0.000248,0.000669,diem,tanah_basah,diem
-0.003618,-2.5e-05,0.001904,-0.000296,0.000191,-0.000671,0.000288,0.000254,-0.000853,-0.000937,0.000614,0.000504,0.000122,0.001202,0.000605,0.000923,-0.000359,-0.000151,-4.8e-05,-0.000956,0.00058,-0.000267,-0.000713,0.000435,-0.000729,-0.000956,6e-06,0.001747,-0.000328,-0.000166,-0.000235,-0.000669,0.000696,0.000362,-0.00066,0.000546,-0.001415,-0.001022,0.000206,-0.001106,-0.000393,-0.000792,-0.00017,1.1e-05,0.000977,0.000702,-0.000248,-0.000504,0.000147,-0.000469,-0.001112,-0.000624,9.3e-05,-0.000401,0.000666,-0.000731,-0.000637,-0.000202,-8e-05,0.000284,0.000668,-0.000444,0.000336,0.000671,-0.000368,-0.000284,-0.000172,-0.000328,-8.6e-05,-0.000313,-9e-05,0.000467,-0.000954,-9.3e-05,-0.00013,-0.00029,-0.000618,-0.000177,-0.000948,-3.8e-05,-0.000942,-0.000158,-0.000349,0.001364,-0.000681,0.000252,-2e-06,-0.001226,-0.001707,-0.000185,-0.000536,-0.000366,0.000471,-2.9e-05,0.001162,-0.0009,-0.00029,-0.001238,0.001875,0.002232,-5e-05,-0.000425,7.8e-05,0.000822,-0.000332,-0.000193,-0.000196,0.001551,0.001511,0.000526,-0.00013,0.00045,-0.00057,-0.001637,-0.000183,-0.000237,-2e-06,-0.000406,0.000454,-0.000311,-0.000235,0.000574,-0.000341,-0.000347,-2.7e-05,-0.000671,0.000368,0.000124,0.000555,0.000229,-0.000265,0.000145,-0.00028,-7.8e-05,-0.000254,-0.0009,-6.1e-05,0.001059,-0.00086,-0.001034,-9.7e-05,4.8e-05,0.000227,8e-06,-0.000259,-0.001051,0.001699,-0.000427,-8e-06,-0.000143,-0.000196,-0.001146,-0.000664,-0.000736,0.000284,-0.000214,0.000101,-0.000158,-0.000435,0.000128,-0.000486,-0.000961,0.000483,0.000332,-0.000248,0.000669,-0.001026,-0.000446,-0.000412,-0.000347,6.9e-05,-0.000368,0.000286,0.000471,0.000841,0.000313,-0.000856,0.000217,-0.000257,0.000816,-0.000114,-0.000446,-0.001471,0.001089,-0.000206,-2.9e-05,-0.000458,0.000372,0.000874,0.000343,-0.000729,-3.4e-05,-0.000576,0.001127,0.000317,-0.000441,-0.000698,-8.8e-05,-2e-06,0.000223,0.000746,0.000931,-0.000309,0.000568,0.00012,0.00107,0.000196,0.00115,-0.000523,0.000631,0.000992,-0.000168,-0.000875,2e-06,-0.000181,-0.000301,-0.001438,-0.000536,-0.000742,0.001274,-0.000376,-0.001436,-0.000822,0.001583,0.001064,-0.000704,-0.006689,-0.000208,0.001812,0.001047,0.000395,0.002754,0.000896,0.001358,0.000912,0.00032,0.001074,0.000523,0.000252,-0.000822,-0.000832,0.000507,0.000517,-0.001286,-0.000555,0.001204,-0.000628,-0.000908,0.000122,0.000658,-0.001558,-0.001286,-0.000456,0.000832,-0.000219,0.00251,diem,tanah_basah,diem
-0.000536,-0.000366,0.000471,-2.9e-05,0.001162,-0.0009,-0.00029,-0.001238,0.001875,0.002232,-5e-05,-0.000425,7.8e-05,0.000822,-0.000332,-0.000193,-0.000196,0.001551,0.001511,0.000526,-0.00013,0.00045,-0.00057,-0.001637,-0.000183,-0.000237,-2e-06,-0.000406,0.000454,-0.000311,-0.000235,0.000574,-0.000341,-0.000347,-2.7e-05,-0.000671,0.000368,0.000124,0.000555,0.000229,-0.000265,0.000145,-0.00028,-7.8e-05,-0.000254,-0.0009,-6.1e-05,0.001059,-0.00086,-0.001034,-9.7e-05,4.8e-05,0.000227,8e-06,-0.000259,-0.001051,0.001699,-0.000427,-8e-06,-0.000143,-0.000196,-0.001146,-0.000664,-0.000736,0.000284,-0.000214,0.000101,-0.000158,-0.000435,0.000128,-0.000486,-0.000961,0.000483,0.000332,-0.000248,0.000669,-0.001026,-0.000446,-0.000412,-0.000347,6.9e-05,-0.000368,0.000286,0.000471,0.000841,0.000313,-0.000856,0.000217,-0.000257,0.000816,-0.000114,-0.000446,-0.001471,0.001089,-0.000206,-2.9e-05,-0.000458,0.000372,0.000874,0.000343,-0.000729,-3.4e-05,-0.000576,0.001127,0.000317,-0.000441,-0.000698,-8.8e-05,-2e-06,0.000223,0.000746,0.000931,-0.000309,0.000568,0.00012,0.00107,0.000196,0.00115,-0.000523,0.000631,0.000992,-0.000168,-0.000875,2e-06,-0.000181,-0.000301,-0.001438,-0.000536,-0.000742,0.001274,-0.000376,-0.001436,-0.000822,0.001583,0.001064,-0.000704,-0.006689,-0.000208,0.001812,0.001047,0.000395,0.002754,0.000896,0.001358,0.000912,0.00032,0.001074,0.000523,0.000252,-0.000822,-0.000832,0.000507,0.000517,-0.001286,-0.000555,0.001204,-0.000628,-0.000908,0.000122,0.000658,-0.001558,-0.001286,-0.000456,0.000832,-0.000219,0.00251,-0.000484,0.00075,0.000616,0.000189,1.1e-05,-0.000824,0.000376,0.001146,-0.000301,-0.000643,0.00193,-0.000263,-0.00104,0.000381,0.001457,-0.000622,-0.000166,0.000563,-0.000637,4.4e-05,0.000229,3.2e-05,7.8e-05,-0.000299,0.000227,-0.000347,-0.000799,-0.000233,-0.000422,-4.4e-05,-0.000526,-0.000458,-0.000282,0.00124,-0.00144,-0.000702,0.000868,-0.000612,-0.000763,-0.000349,-0.000441,0.000679,-0.000908,0.000957,0.000275,-0.001614,-0.001207,-0.001213,-0.000452,-0.000401,-0.00045,-0.00079,-0.000164,0.000528,-0.000105,-8.2e-05,-0.001217,-4.8e-05,-0.000261,0.000111,-0.000488,-8.4e-05,0.000494,-0.00066,0.000406,-0.000896,-0.000938,0.000244,-2.9e-05,-0.000257,0.001125,0.000202,-0.000248,-0.000383,-0.000278,-0.000502,0.000322,0.000231,0.00029,0.0005,-0.000162,-0.000431,-0.001301,-0.000175,-0.000824,-0.000109,-0.000401,-0.000704,-0.000582,0.000675,diem,tanah_basah,diem
-0.000114,-0.000446,-0.001471,0.001089,-0.000206,-2.9e-05,-0.000458,0.000372,0.000874,0.000343,-0.000729,-3.4e-05,-0.000576,0.001127,0.000317,-0.000441,-0.000698,-8.8e-05,-2e-06,0.000223,0.000746,0.000931,-0.000309,0.000568,0.00012,0.00107,0.000196,0.00115,-0.000523,0.000631,0.000992,-0.000168,-0.000875,2e-06,-0.000181,-0.000301,-0.001438,-0.000536,-0.000742,0.001274,-0.000376,-0.001436,-0.000822,0.001583,0.001064,-0.000704,-0.006689,-0.000208,0.001812,0.001047,0.000395,0.002754,0.000896,0.001358,0.000912,0.00032,0.001074,0.000523,0.000252,-0.000822,-0.000832,0.000507,0.000517,-0.001286,-0.000555,0.001204,-0.000628,-0.000908,0.000122,0.000658,-0.001558,-0.001286,-0.000456,0.000832,-0.000219,0.00251,-0.000484,0.00075,0.000616,0.000189,1.1e-05,-0.000824,0.000376,0.001146,-0.000301,-0.000643,0.00193,-0.000263,-0.00104,0.000381,0.001457,-0.000622,-0.000166,0.000563,-0.000637,4.4e-05,0.000229,3.2e-05,7.8e-05,-0.000299,0.000227,-0.000347,-0.000799,-0.000233,-0.000422,-4.4e-05,-0.000526,-0.000458,-0.000282,0.00124,-0.00144,-0.000702,0.000868,-0.000612,-0.000763,-0.000349,-0.000441,0.000679,-0.000908,0.000957,0.000275,-0.001614,-0.001207,-0.001213,-0.000452,-0.000401,-0.00045,-0.00079,-0.000164,0.000528,-0.000105,-8.2e-05,-0.001217,-4.8e-05,-0.000261,0.000111,-0.000488,-8.4e-05,0.000494,-0.00066,0.000406,-0.000896,-0.000938,0.000244,-2.9e-05,-0.000257,0.001125,0.000202,-0.000248,-0.000383,-0.000278,-0.000502,0.000322,0.000231,0.00029,0.0005,-0.000162,-0.000431,-0.001301,-0.000175,-0.000824,-0.000109,-0.000401,-0.000704,-0.000582,0.000675,2.3e-05,5.9e-05,-0.000582,-0.000261,-0.000202,-0.000523,-8e-05,-0.000179,-0.000383,0.000158,-0.000656,-4.4e-05,0.00062,-0.000273,-0.000792,0.00145,0.000166,0.000359,0.000275,-0.000122,6.9e-05,-0.000305,-0.000444,0.000389,-0.000359,0.000418,-0.000166,-0.000404,-0.000227,2.1e-05,0.000162,-0.000313,-0.000395,0.000624,-0.000492,0.000177,-0.00028,0.000347,4e-06,0.000179,-0.000462,-0.000402,-0.000343,-0.000523,-0.000786,-0.000458,0.000175,0.000229,-0.000444,0.000776,-6.9e-05,0.000162,0.001017,-8e-05,-2.1e-05,-0.000134,-0.000788,9.5e-05,-9.5e-05,-0.000753,-0.000698,-9.9e-05,-0.000196,0.00016,9.9e-05,0.000206,-1e-05,0.000937,0.000343,-0.000195,-0.000135,0.000271,-0.000765,-8.6e-05,7.2e-05,-0.000216,0.000648,4e-06,-0.000454,-1e-05,-0.000299,-0.000406,-0.00025,-0.00037,-0.000921,-0.000204,-0.000399,-0.000723,-0.00017,-0.000423,diem,tanah_basah,diem
0.001457,-0.000622,-0.000166,0.000563,-0.000637,4.4e-05,0.000229,3.2e-05,7.8e-05,-0.000299,0.000227,-0.000347,-0.000799,-0.000233,-0.000422,-4.4e-05,-0.000526,-0.000458,-0.000282,0.00124,-0.00144,-0.000702,0.000868,-0.000612,-0.000763,-0.000349,-0.000441,0.000679,-0.000908,0.000957,0.000275,-0.001614,-0.001207,-0.001213,-0.000452,-0.000401,-0.00045,-0.00079,-0.000164,0.000528,-0.000105,-8.2e-05,-0.001217,-4.8e-05,-0.000261,0.000111,-0.000488,-8.4e-05,0.000494,-0.00066,0.000406,-0.000896,-0.000938,0.000244,-2.9e-05,-0.000257,0.001125,0.000202,-0.000248,-0.000383,-0.000278,-0.000502,0.000322,0.000231,0.00029,0.0005,-0.000162,-0.000431,-0.001301,-0.000175,-0.000824,-0.000109,-0.000401,-0.000704,-0.000582,0.000675,2.3e-05,5.9e-05,-0.000582,-0.000261,-0.000202,-0.000523,-8e-05,-0.000179,-0.000383,0.000158,-0.000656,-4.4e-05,0.00062,-0.000273,-0.000792,0.00145,0.000166,0.000359,0.000275,-0.000122,6.9e-05,-0.000305,-0.000444,0.000389,-0.000359,0.000418,-0.000166,-0.000404,-0.000227,2.1e-05,0.000162,-0.000313,-0.000395,0.000624,-0.000492,0.000177,-0.00028,0.000347,4e-06,0.000179,-0.000462,-0.000402,-0.000343,-0.000523,-0.000786,-0.000458,0.000175,0.000229,-0.000444,0.000776,-6.9e-05,0.000162,0.001017,-8e-05,-2.1e-05,-0.000134,-0.000788,9.5e-05,-9.5e-05,-0.000753,-0.000698,-9.9e-05,-0.000196,0.00016,9.9e-05,0.000206,-1e-05,0.000937,0.000343,-0.000195,-0.000135,0.000271,-0.000765,-8.6e-05,7.2e-05,-0.000216,0.000648,4e-06,-0.000454,-1e-05,-0.000299,-0.000406,-0.00025,-0.00037,-0.000921,-0.000204,-0.000399,-0.000723,-0.00017,-0.000423,0.000294,-4.2e-05,-0.000179,7.6e-05,-0.000149,-0.000252,-0.000517,-4.6e-05,-0.000166,-8e-06,-0.000851,-0.001139,-2e-06,0.000757,-0.000216,6.1e-05,0.000381,-0.000755,3.1e-05,-0.000626,0.000732,0.000837,-0.000629,0.000349,4.6e-05,-0.000601,6.5e-05,-0.00016,-1.9e-05,0.000336,-0.000269,0.001137,1.7e-05,-0.000532,0.00107,-0.000343,0.000954,-8.4e-05,4e-05,-0.000237,-0.000523,-0.000381,-0.0005,0.000181,-0.000139,-0.000551,0.000336,0.001337,-8.6e-05,-0.001009,0.002045,-0.000214,0.000181,0.000927,0.000315,-0.000269,8.8e-05,-0.000225,-8.8e-05,-0.000532,-2.9e-05,-0.000391,-9e-05,-4e-05,0.00046,0.000423,0.000315,-0.000141,-0.000324,-0.000183,-0.000423,-0.000443,0.000164,9.2e-05,-0.000225,-0.000168,0.000425,-0.000132,-0.000399,-0.0002,-0.000208,0.000713,-0.000208,0.000427,-0.000246,0.000124,0.000269,-0.000402,-5.1e-05,-0.00017,diem,tanah_basah,diem
-0.000792,0.00145,0.000166,0.000359,0.000275,-0.000122,6.9e-05,-0.000305,-0.000444,0.000389,-0.000359,0.000418,-0.000166,-0.000404,-0.000227,2.1e-05,0.000162,-0.000313,-0.000395,0.000624,-0.000492,0.000177,-0.00028,0.000347,4e-06,0.000179,-0.000462,-0.000402,-0.000343,-0.000523,-0.000786,-0.000458,0.000175,0.000229,-0.000444,0.000776,-6.9e-05,0.000162,0.001017,-8e-05,-2.1e-05,-0.000134,-0.000788,9.5e-05,-9.5e-05,-0.000753,-0.000698,-9.9e-05,-0.000196,0.00016,9.9e-05,0.000206,-1e-05,0.000937,0.000343,-0.000195,-0.000135,0.000271,-0.000765,-8.6e-05,7.2e-05,-0.000216,0.000648,4e-06,-0.000454,-1e-05,-0.000299,-0.000406,-0.00025,-0.00037,-0.000921,-0.000204,-0.000399,-0.000723,-0.00017,-0.000423,0.000294,-4.2e-05,-0.000179,7.6e-05,-0.000149,-0.000252,-0.000517,-4.6e-05,-0.000166,-8e-06,-0.000851,-0.001139,-2e-06,0.000757,-0.000216,6.1e-05,0.000381,-0.000755,3.1e-05,-0.000626,0.000732,0.000837,-0.000629,0.000349,4.6e-05,-0.000601,6.5e-05,-0.00016,-1.9e-05,0.000336,-0.000269,0.001137,1.7e-05,-0.000532,0.00107,-0.000343,0.000954,-8.4e-05,4e-05,-0.000237,-0.000523,-0.000381,-0.0005,0.000181,-0.000139,-0.000551,0.000336,0.001337,-8.6e-05,-0.001009,0.002045,-0.000214,0.000181,0.000927,0.000315,-0.000269,8.8e-05,-0.000225,-8.8e-05,-0.000532,-2.9e-05,-0.000391,-9e-05,-4e-05,0.00046,0.000423,0.000315,-0.000141,-0.000324,-0.000183,-0.000423,-0.000443,0.000164,9.2e-05,-0.000225,-0.000168,0.000425,-0.000132,-0.000399,-0.0002,-0.000208,0.000713,-0.000208,0.000427,-0.000246,0.000124,0.000269,-0.000402,-5.1e-05,-0.00017,0.000181,0.000542,-0.000534,-0.000277,8e-05,-0.000172,0.000223,-0.000366,-9.2e-05,-0.000134,0.000656,-0.000288,0.000303,-0.001017,-0.000357,0.000242,0.000254,-0.00046,-0.000647,-8.8e-05,0.000135,-0.000368,-2.3e-05,0.00032,0.00041,-0.000374,-0.001055,-0.000252,-0.000483,-0.00033,-0.000116,0.000673,-0.000156,-0.000114,-0.00041,0.00123,-4.4e-05,0.000284,0.000639,0.000597,-0.000111,0.000683,-0.000254,0.001278,-0.00012,-0.000252,0.000959,-3.8e-05,-0.000507,-0.000557,0.000284,-9.3e-05,-0.00046,0.000732,-0.000233,-0.000208,-0.000359,-0.000605,0.001461,-0.000107,-0.000633,-0.00062,0.000679,-0.000101,-0.000496,-9.2e-05,-5.9e-05,-0.000177,-0.000507,1.3e-05,0.001287,-0.000414,-0.000168,-0.000175,-0.000431,-0.000132,-0.000208,0.000141,-0.000286,-0.000702,-0.000557,3.8e-05,-0.000565,0.000605,0.000492,-0.000233,-0.000126,-0.000168,-0.000114,-0.000168,diem,tanah_basah,diem
-0.000216,6.1e-05,0.000381,-0.000755,3.1e-05,-0.000626,0.000732,0.000837,-0.000629,0.000349,4.6e-05,-0.000601,6.5e-05,-0.00016,-1.9e-05,0.000336,-0.000269,0.001137,1.7e-05,-0.000532,0.00107,-0.000343,0.000954,-8.4e-05,4e-05,-0.000237,-0.000523,-0.000381,-0.0005,0.000181,-0.000139,-0.000551,0.000336,0.001337,-8.6e-05,-0.001009,0.002045,-0.000214,0.000181,0.000927,0.000315,-0.000269,8.8e-05,-0.000225,-8.8e-05,-0.000532,-2.9e-05,-0.000391,-9e-05,-4e-05,0.00046,0.000423,0.000315,-0.000141,-0.000324,-0.000183,-0.000423,-0.000443,0.000164,9.2e-05,-0.000225,-0.000168,0.000425,-0.000132,-0.000399,-0.0002,-0.000208,0.000713,-0.000208,0.000427,-0.000246,0.000124,0.000269,-0.000402,-5.1e-05,-0.00017,0.000181,0.000542,-0.000534,-0.000277,8e-05,-0.000172,0.000223,-0.000366,-9.2e-05,-0.000134,0.000656,-0.000288,0.000303,-0.001017,-0.000357,0.000242,0.000254,-0.00046,-0.000647,-8.8e-05,0.000135,-0.000368,-2.3e-05,0.00032,0.00041,-0.000374,-0.001055,-0.000252,-0.000483,-0.00033,-0.000116,0.000673,-0.000156,-0.000114,-0.00041,0.00123,-4.4e-05,0.000284,0.000639,0.000597,-0.000111,0.000683,-0.000254,0.001278,-0.00012,-0.000252,0.000959,-3.8e-05,-0.000507,-0.000557,0.000284,-9.3e-05,-0.00046,0.000732,-0.000233,-0.000208,-0.000359,-0.000605,0.001461,-0.000107,-0.000633,-0.00062,0.000679,-0.000101,-0.000496,-9.2e-05,-5.9e-05,-0.000177,-0.000507,1.3e-05,0.001287,-0.000414,-0.000168,-0.000175,-0.000431,-0.000132,-0.000208,0.000141,-0.000286,-0.000702,-0.000557,3.8e-05,-0.000565,0.000605,0.000492,-0.000233,-0.000126,-0.000168,-0.000114,-0.000168,8.4e-05,-0.000322,0.001417,-0.000294,0.000105,-0.000349,-0.000282,-0.000437,0.000357,7.2e-05,-0.000433,0.000227,-0.000235,0.002373,-9.2e-05,0.000315,0.001404,-0.000261,2.1e-05,0.001122,0.000229,7.2e-05,-0.000269,-0.000383,9e-05,-7.8e-05,-0.000717,0.000134,0.000126,-0.000887,0.000404,-0.000467,-0.000366,0.000402,-0.000446,-8.2e-05,-0.000645,-0.000351,-0.000675,-2.9e-05,-0.000103,0.00013,-0.000252,-0.000237,-0.000277,-0.000151,-0.000107,-0.000351,-0.000183,0.000311,-0.000101,2.5e-05,4.6e-05,-0.000298,-2e-06,0.000332,-0.000288,-0.000114,-0.000612,0.001032,-0.000597,0.000635,0.000223,-0.000195,0.000202,-0.000734,7.4e-05,-0.000223,-0.000204,0.000355,-0.000439,-0.000229,0.00033,-0.000757,0.000397,-0.000196,-9.7e-05,-0.00057,-0.00071,3.8e-05,3.8e-05,-0.0002,-0.000238,0.001532,0.001434,-0.000835,-0.000673,0.00103,-8.4e-05,-0.000399,diem,tanah_basah,diem
-0.000357,0.000242,0.000254,-0.00046,-0.000647,-8.8e-05,0.000135,-0.000368,-2.3e-05,0.00032,0.00041,-0.000374,-0.001055,-0.000252,-0.000483,-0.00033,-0.000116,0.000673,-0.000156,-0.000114,-0.00041,0.00123,-4.4e-05,0.000284,0.000639,0.000597,-0.000111,0.000683,-0.000254,0.001278,-0.00012,-0.000252,0.000959,-3.8e-05,-0.000507,-0.000557,0.000284,-9.3e-05,-0.00046,0.000732,-0.000233,-0.000208,-0.000359,-0.000605,0.001461,-0.000107,-0.000633,-0.00062,0.000679,-0.000101,-0.000496,-9.2e-05,-5.9e-05,-0.000177,-0.000507,1.3e-05,0.001287,-0.000414,-0.000168,-0.000175,-0.000431,-0.000132,-0.000208,0.000141,-0.000286,-0.000702,-0.000557,3.8e-05,-0.000565,0.000605,0.000492,-0.000233,-0.000126,-0.000168,-0.000114,-0.000168,8.4e-05,-0.000322,0.001417,-0.000294,0.000105,-0.000349,-0.000282,-0.000437,0.000357,7.2e-05,-0.000433,0.000227,-0.000235,0.002373,-9.2e-05,0.000315,0.001404,-0.000261,2.1e-05,0.001122,0.000229,7.2e-05,-0.000269,-0.000383,9e-05,-7.8e-05,-0.000717,0.000134,0.000126,-0.000887,0.000404,-0.000467,-0.000366,0.000402,-0.000446,-8.2e-05,-0.000645,-0.000351,-0.000675,-2.9e-05,-0.000103,0.00013,-0.000252,-0.000237,-0.000277,-0.000151,-0.000107,-0.000351,-0.000183,0.000311,-0.000101,2.5e-05,4.6e-05,-0.000298,-2e-06,0.000332,-0.000288,-0.000114,-0.000612,0.001032,-0.000597,0.000635,0.000223,-0.000195,0.000202,-0.000734,7.4e-05,-0.000223,-0.000204,0.000355,-0.000439,-0.000229,0.00033,-0.000757,0.000397,-0.000196,-9.7e-05,-0.00057,-0.00071,3.8e-05,3.8e-05,-0.0002,-0.000238,0.001532,0.001434,-0.000835,-0.000673,0.00103,-8.4e-05,-0.000399,-0.000286,-0.000259,-9.5e-05,-0.000305,-0.000481,9.3e-05,-1.5e-05,-0.000269,0.000231,-4e-06,-0.000357,-0.000158,0.000603,-3.8e-05,-0.000383,0.000589,0.001347,-0.000147,-0.000526,-0.000324,-0.000587,-0.000309,2.5e-05,-0.000263,-3.2e-05,-0.00065,-0.000456,-2e-06,-0.000154,-0.00037,-0.000355,0.000132,-0.000153,-0.000124,0.000135,-0.000465,-0.000246,-0.000366,0.000662,-0.000242,9.2e-05,-4e-05,-0.000332,0.000116,0.000416,0.000521,-0.000458,-0.000628,0.001154,-0.00025,8.8e-05,-0.000168,-0.000315,0.000114,-0.000551,3.8e-05,-4.2e-05,-0.000399,0.000448,-5.5e-05,0.000595,-0.000284,0.000311,-3.4e-05,-0.000608,-0.000366,5.9e-05,0.000948,-9.9e-05,6.9e-05,0.000414,-2.9e-05,-0.000298,1e-05,0.000271,0.000153,-0.000368,-0.000149,0.000229,-0.000288,-0.000181,0.000162,-0.000223,-0.000191,-0.000422,0.000776,-0.000715,-9.3e-05,-0.000437,-0.00033,diem,tanah_basah,diem
-9.2e-05,0.000315,0.001404,-0.000261,2.1e-05,0.001122,0.000229,7.2e-05,-0.000269,-0.000383,9e-05,-7.8e-05,-0.000717,0.000134,0.000126,-0.000887,0.000404,-0.000467,-0.000366,0.000402,-0.000446,-8.2e-05,-0.000645,-0.000351,-0.000675,-2.9e-05,-0.000103,0.00013,-0.000252,-0.000237,-0.000277,-0.000151,-0.000107,-0.000351,-0.000183,0.000311,-0.000101,2.5e-05,4.6e-05,-0.000298,-2e-06,0.000332,-0.000288,-0.000114,-0.000612,0.001032,-0.000597,0.000635,0.000223,-0.000195,0.000202,-0.000734,7.4e-05,-0.000223,-0.000204,0.000355,-0.000439,-0.000229,0.00033,-0.000757,0.000397,-0.000196,-9.7e-05,-0.00057,-0.00071,3.8e-05,3.8e-05,-0.0002,-0.000238,0.001532,0.001434,-0.000835,-0.000673,0.00103,-8.4e-05,-0.000399,-0.000286,-0.000259,-9.5e-05,-0.000305,-0.000481,9.3e-05,-1.5e-05,-0.000269,0.000231,-4e-06,-0.000357,-0.000158,0.000603,-3.8e-05,-0.000383,0.000589,0.001347,-0.000147,-0.000526,-0.000324,-0.000587,-0.000309,2.5e-05,-0.000263,-3.2e-05,-0.00065,-0.000456,-2e-06,-0.000154,-0.00037,-0.000355,0.000132,-0.000153,-0.000124,0.000135,-0.000465,-0.000246,-0.000366,0.000662,-0.000242,9.2e-05,-4e-05,-0.000332,0.000116,0.000416,0.000521,-0.000458,-0.000628,0.001154,-0.00025,8.8e-05,-0.000168,-0.000315,0.000114,-0.000551,3.8e-05,-4.2e-05,-0.000399,0.000448,-5.5e-05,0.000595,-0.000284,0.000311,-3.4e-05,-0.000608,-0.000366,5.9e-05,0.000948,-9.9e-05,6.9e-05,0.000414,-2.9e-05,-0.000298,1e-05,0.000271,0.000153,-0.000368,-0.000149,0.000229,-0.000288,-0.000181,0.000162,-0.000223,-0.000191,-0.000422,0.000776,-0.000715,-9.3e-05,-0.000437,-0.00033,-0.000404,-0.000595,4e-06,-0.000439,-0.000656,0.000423,0.00012,-6.9e-05,-0.000483,-0.000828,-0.000458,-0.000488,-0.000381,-0.000593,7.8e-05,8e-06,-0.000515,0.000284,-0.000174,2e-06,0.001383,0.000553,-0.000242,-0.00046,-0.00127,-0.000511,-0.000561,-0.00036,-0.000181,0.000595,-0.000114,0.000586,-0.000801,0.00016,-0.000824,6.3e-05,-0.000385,-0.000675,-0.000217,9.9e-05,-0.000555,0.00104,0.000519,0.000198,-0.000113,0.002245,0.001009,-0.000746,0.000694,0.000427,-0.000278,0.000299,0.000452,-0.001274,-0.000381,0.000618,-0.000301,-0.000973,-0.000208,0.000156,0.00028,0.000729,-0.00102,-0.000565,-0.000271,-0.000635,-0.000381,-0.000315,0.000206,0.00038,-0.000391,-0.000145,-2.9e-05,0.000998,-0.00049,0.000284,0.000532,8.8e-05,0.000673,-5e-05,0.000311,-0.001204,0.000565,-2.9e-05,0.000916,-0.000151,0.000237,-0.001009,0.00025,-0.000429,diem,tanah_basah,diem
-0.000383,0.000589,0.001347,-0.000147,-0.000526,-0.000324,-0.000587,-0.000309,2.5e-05,-0.000263,-3.2e-05,-0.00065,-0.000456,-2e-06,-0.000154,-0.00037,-0.000355,0.000132,-0.000153,-0.000124,0.000135,-0.000465,-0.000246,-0.000366,0.000662,-0.000242,9.2e-05,-4e-05,-0.000332,0.000116,0.000416,0.000521,-0.000458,-0.000628,0.001154,-0.00025,8.8e-05,-0.000168,-0.000315,0.000114,-0.000551,3.8e-05,-4.2e-05,-0.000399,0.000448,-5.5e-05,0.000595,-0.000284,0.000311,-3.4e-05,-0.000608,-0.000366,5.9e-05,0.000948,-9.9e-05,6.9e-05,0.000414,-2.9e-05,-0.000298,1e-05,0.000271,0.000153,-0.000368,-0.000149,0.000229,-0.000288,-0.000181,0.000162,-0.000223,-0.000191,-0.000422,0.000776,-0.000715,-9.3e-05,-0.000437,-0.00033,-0.000404,-0.000595,4e-06,-0.000439,-0.000656,0.000423,0.00012,-6.9e-05,-0.000483,-0.000828,-0.000458,-0.000488,-0.000381,-0.000593,7.8e-05,8e-06,-0.000515,0.000284,-0.000174,2e-06,0.001383,0.000553,-0.000242,-0.00046,-0.00127,-0.000511,-0.000561,-0.00036,-0.000181,0.000595,-0.000114,0.000586,-0.000801,0.00016,-0.000824,6.3e-05,-0.000385,-0.000675,-0.000217,9.9e-05,-0.000555,0.00104,0.000519,0.000198,-0.000113,0.002245,0.001009,-0.000746,0.000694,0.000427,-0.000278,0.000299,0.000452,-0.001274,-0.000381,0.000618,-0.000301,-0.000973,-0.000208,0.000156,0.00028,0.000729,-0.00102,-0.000565,-0.000271,-0.000635,-0.000381,-0.000315,0.000206,0.00038,-0.000391,-0.000145,-2.9e-05,0.000998,-0.00049,0.000284,0.000532,8.8e-05,0.000673,-5e-05,0.000311,-0.001204,0.000565,-2.9e-05,0.000916,-0.000151,0.000237,-0.001009,0.00025,-0.000429,-0.000389,-0.000237,-0.000269,-0.000942,0.000439,-0.000364,0.000174,-0.000313,0.000143,0.000338,0.000624,-0.000349,-0.000418,0.001575,0.000889,-0.001156,-0.000326,0.000298,-0.000319,0.000231,-0.000875,0.000168,0.000481,-0.000351,-0.001432,0.000483,0.001112,-0.000391,-0.000814,-0.000278,0.000143,-0.000219,-0.000479,-0.000139,0.000986,-7.4e-05,-0.000566,-2.9e-05,0.000534,0.000521,-0.000736,-0.000206,0.000141,0.000202,-0.000578,-0.000933,-0.000324,-0.000252,-0.000788,-0.000141,0.000196,-4.2e-05,-0.000715,0.000164,0.000151,0.00033,-0.000132,-0.000229,-0.000471,0.000519,0.000151,-0.000244,-0.000843,3.6e-05,0.000435,-0.00086,0.000196,0.001699,0.000488,-0.000414,-0.000746,-0.000324,-0.000435,-0.000191,-0.000238,0.000149,6.1e-05,0.002655,0.000607,0.000177,0.000137,-0.000711,-0.000563,-8.8e-05,-0.000177,-0.00057,-8.8e-05,-0.000179,9.3e-05,-0.000208,diem,tanah_basah,diem
7.8e-05,8e-06,-0.000515,0.000284,-0.000174,2e-06,0.001383,0.000553,-0.000242,-0.00046,-0.00127,-0.000511,-0.000561,-0.00036,-0.000181,0.000595,-0.000114,0.000586,-0.000801,0.00016,-0.000824,6.3e-05,-0.000385,-0.000675,-0.000217,9.9e-05,-0.000555,0.00104,0.000519,0.000198,-0.000113,0.002245,0.001009,-0.000746,0.000694,0.000427,-0.000278,0.000299,0.000452,-0.001274,-0.000381,0.000618,-0.000301,-0.000973,-0.000208,0.000156,0.00028,0.000729,-0.00102,-0.000565,-0.000271,-0.000635,-0.000381,-0.000315,0.000206,0.00038,-0.000391,-0.000145,-2.9e-05,0.000998,-0.00049,0.000284,0.000532,8.8e-05,0.000673,-5e-05,0.000311,-0.001204,0.000565,-2.9e-05,0.000916,-0.000151,0.000237,-0.001009,0.00025,-0.000429,-0.000389,-0.000237,-0.000269,-0.000942,0.000439,-0.000364,0.000174,-0.000313,0.000143,0.000338,0.000624,-0.000349,-0.000418,0.001575,0.000889,-0.001156,-0.000326,0.000298,-0.000319,0.000231,-0.000875,0.000168,0.000481,-0.000351,-0.001432,0.000483,0.001112,-0.000391,-0.000814,-0.000278,0.000143,-0.000219,-0.000479,-0.000139,0.000986,-7.4e-05,-0.000566,-2.9e-05,0.000534,0.000521,-0.000736,-0.000206,0.000141,0.000202,-0.000578,-0.000933,-0.000324,-0.000252,-0.000788,-0.000141,0.000196,-4.2e-05,-0.000715,0.000164,0.000151,0.00033,-0.000132,-0.000229,-0.000471,0.000519,0.000151,-0.000244,-0.000843,3.6e-05,0.000435,-0.00086,0.000196,0.001699,0.000488,-0.000414,-0.000746,-0.000324,-0.000435,-0.000191,-0.000238,0.000149,6.1e-05,0.002655,0.000607,0.000177,0.000137,-0.000711,-0.000563,-8.8e-05,-0.000177,-0.00057,-8.8e-05,-0.000179,9.3e-05,-0.000208,9e-05,0.000925,0.000572,3.2e-05,-4.8e-05,0.000553,-0.000563,-0.00075,0.000158,0.000635,-0.000187,-0.000208,-0.000338,3.1e-05,-1.7e-05,-0.000132,0.000563,-0.000141,0.000109,-1.9e-05,-0.000315,0.000481,-0.000658,-0.0002,-0.000141,-0.000191,-0.000242,-0.00017,-0.000345,-0.000191,-0.000914,-0.000269,0.000324,-0.000385,-0.000244,-7.1e-05,0.000273,0.000669,-8.6e-05,-0.000261,-7.2e-05,-0.000462,-0.000647,-3.8e-05,0.000101,0.000391,-0.000217,5.5e-05,0.000391,-0.000685,3.6e-05,-0.000727,0.000343,0.0002,0.000355,-9.2e-05,8.2e-05,-1.5e-05,-0.00074,-5e-05,-0.00071,-0.000656,-0.000736,-0.000103,8.8e-05,0.000198,0.000141,-0.000555,-0.000517,-0.000595,-0.00024,-0.000237,0.000563,-0.00012,0.000666,-0.00016,9e-05,0.000532,-0.000427,0.000227,0.000532,-0.000301,-0.000107,-0.000109,0.000345,0.000256,-0.000347,0.000967,-0.000198,-0.000383,diem,tanah_basah,diem
0.000889,-0.001156,-0.000326,0.000298,-0.000319,0.000231,-0.000875,0.000168,0.000481,-0.000351,-0.001432,0.000483,0.001112,-0.000391,-0.000814,-0.000278,0.000143,-0.000219,-0.000479,-0.000139,0.000986,-7.4e-05,-0.000566,-2.9e-05,0.000534,0.000521,-0.000736,-0.000206,0.000141,0.000202,-0.000578,-0.000933,-0.000324,-0.000252,-0.000788,-0.000141,0.000196,-4.2e-05,-0.000715,0.000164,0.000151,0.00033,-0.000132,-0.000229,-0.000471,0.000519,0.000151,-0.000244,-0.000843,3.6e-05,0.000435,-0.00086,0.000196,0.001699,0.000488,-0.000414,-0.000746,-0.000324,-0.000435,-0.000191,-0.000238,0.000149,6.1e-05,0.002655,0.000607,0.000177,0.000137,-0.000711,-0.000563,-8.8e-05,-0.000177,-0.00057,-8.8e-05,-0.000179,9.3e-05,-0.000208,9e-05,0.000925,0.000572,3.2e-05,-4.8e-05,0.000553,-0.000563,-0.00075,0.000158,0.000635,-0.000187,-0.000208,-0.000338,3.1e-05,-1.7e-05,-0.000132,0.000563,-0.000141,0.000109,-1.9e-05,-0.000315,0.000481,-0.000658,-0.0002,-0.000141,-0.000191,-0.000242,-0.00017,-0.000345,-0.000191,-0.000914,-0.000269,0.000324,-0.000385,-0.000244,-7.1e-05,0.000273,0.000669,-8.6e-05,-0.000261,-7.2e-05,-0.000462,-0.000647,-3.8e-05,0.000101,0.000391,-0.000217,5.5e-05,0.000391,-0.000685,3.6e-05,-0.000727,0.000343,0.0002,0.000355,-9.2e-05,8.2e-05,-1.5e-05,-0.00074,-5e-05,-0.00071,-0.000656,-0.000736,-0.000103,8.8e-05,0.000198,0.000141,-0.000555,-0.000517,-0.000595,-0.00024,-0.000237,0.000563,-0.00012,0.000666,-0.00016,9e-05,0.000532,-0.000427,0.000227,0.000532,-0.000301,-0.000107,-0.000109,0.000345,0.000256,-0.000347,0.000967,-0.000198,-0.000383,-0.000193,0.000195,6.5e-05,-0.00029,-0.000742,5e-05,0.000261,9e-05,0.000505,0.001328,-0.000244,-0.001175,-2.3e-05,0.000269,0.00065,2.9e-05,6e-06,-0.000942,-0.000782,-0.000404,0.000158,-8.2e-05,0.000383,-0.000536,-0.000469,-0.000103,-0.000599,-0.000746,-0.000341,0.000269,0.001471,-0.000177,0.000359,-0.001188,0.000475,0.000824,0.000767,-0.000553,0.000397,-0.001457,-0.000608,-0.000317,0.000492,0.000143,0.000639,-0.001095,0.000864,-9.9e-05,0.000332,-0.000246,-0.000719,1.7e-05,-0.000172,-0.00115,-0.000418,-0.000486,-0.0019,-0.000166,-0.001244,-0.001066,0.000534,0.000965,-0.000448,-0.000566,0.000141,-0.000109,0.000349,-0.000696,-0.000444,-0.000431,0.000174,0.001284,-0.00116,-0.000767,0.000546,0.001101,-0.000427,-0.000538,-0.000172,-0.000319,-0.000269,-0.000141,0.000441,-0.00091,-0.000732,-0.001188,-0.002113,0.000952,6.5e-05,-0.002195,diem,tanah_basah,diem
-1.7e-05,-0.000132,0.000563,-0.000141,0.000109,-1.9e-05,-0.000315,0.000481,-0.000658,-0.0002,-0.000141,-0.000191,-0.000242,-0.00017,-0.000345,-0.000191,-0.000914,-0.000269,0.000324,-0.000385,-0.000244,-7.1e-05,0.000273,0.000669,-8.6e-05,-0.000261,-7.2e-05,-0.000462,-0.000647,-3.8e-05,0.000101,0.000391,-0.000217,5.5e-05,0.000391,-0.000685,3.6e-05,-0.000727,0.000343,0.0002,0.000355,-9.2e-05,8.2e-05,-1.5e-05,-0.00074,-5e-05,-0.00071,-0.000656,-0.000736,-0.000103,8.8e-05,0.000198,0.000141,-0.000555,-0.000517,-0.000595,-0.00024,-0.000237,0.000563,-0.00012,0.000666,-0.00016,9e-05,0.000532,-0.000427,0.000227,0.000532,-0.000301,-0.000107,-0.000109,0.000345,0.000256,-0.000347,0.000967,-0.000198,-0.000383,-0.000193,0.000195,6.5e-05,-0.00029,-0.000742,5e-05,0.000261,9e-05,0.000505,0.001328,-0.000244,-0.001175,-2.3e-05,0.000269,0.00065,2.9e-05,6e-06,-0.000942,-0.000782,-0.000404,0.000158,-8.2e-05,0.000383,-0.000536,-0.000469,-0.000103,-0.000599,-0.000746,-0.000341,0.000269,0.001471,-0.000177,0.000359,-0.001188,0.000475,0.000824,0.000767,-0.000553,0.000397,-0.001457,-0.000608,-0.000317,0.000492,0.000143,0.000639,-0.001095,0.000864,-9.9e-05,0.000332,-0.000246,-0.000719,1.7e-05,-0.000172,-0.00115,-0.000418,-0.000486,-0.0019,-0.000166,-0.001244,-0.001066,0.000534,0.000965,-0.000448,-0.000566,0.000141,-0.000109,0.000349,-0.000696,-0.000444,-0.000431,0.000174,0.001284,-0.00116,-0.000767,0.000546,0.001101,-0.000427,-0.000538,-0.000172,-0.000319,-0.000269,-0.000141,0.000441,-0.00091,-0.000732,-0.001188,-0.002113,0.000952,6.5e-05,-0.002195,-0.001741,-0.000908,0.001322,0.001398,0.000973,-0.000523,-2.7e-05,0.001492,-0.000952,-0.00094,-0.002022,-0.000315,0.000158,0.001051,0.00139,-0.00012,-3.6e-05,0.000301,0.000828,0.000601,-0.002518,-0.001654,-1.3e-05,0.001633,-6e-06,0.000456,-0.001165,-0.000772,0.001469,0.000317,0.000566,0.000113,-0.000547,0.000395,-0.000475,-0.000988,-0.000313,-0.000576,-0.001509,0.000566,0.000456,9.7e-05,0.001911,0.000542,-0.000269,-0.001244,-0.00013,0.00091,-0.000319,0.000309,-0.00136,0.000315,-8.8e-05,-0.000374,-0.00107,-0.000269,-0.000982,-0.000305,-0.000732,-0.001375,-0.000792,-0.000332,-0.001347,-0.000799,-0.000397,-1e-05,0.00016,-0.000521,-0.000977,6.3e-05,-3.6e-05,5e-05,-0.000999,0.000587,-0.000635,-0.000298,-0.000134,5e-05,-0.001127,-0.000883,0.000753,0.000385,3.8e-05,-0.000362,-0.00045,-0.000242,0.000912,-0.000578,0.000589,0.000238,diem,tanah_basah,diem
0.00065,2.9e-05,6e-06,-0.000942,-0.000782,-0.000404,0.000158,-8.2e-05,0.000383,-0.000536,-0.000469,-0.000103,-0.000599,-0.000746,-0.000341,0.000269,0.001471,-0.000177,0.000359,-0.001188,0.000475,0.000824,0.000767,-0.000553,0.000397,-0.001457,-0.000608,-0.000317,0.000492,0.000143,0.000639,-0.001095,0.000864,-9.9e-05,0.000332,-0.000246,-0.000719,1.7e-05,-0.000172,-0.00115,-0.000418,-0.000486,-0.0019,-0.000166,-0.001244,-0.001066,0.000534,0.000965,-0.000448,-0.000566,0.000141,-0.000109,0.000349,-0.000696,-0.000444,-0.000431,0.000174,0.001284,-0.00116,-0.000767,0.000546,0.001101,-0.000427,-0.000538,-0.000172,-0.000319,-0.000269,-0.000141,0.000441,-0.00091,-0.000732,-0.001188,-0.002113,0.000952,6.5e-05,-0.002195,-0.001741,-0.000908,0.001322,0.001398,0.000973,-0.000523,-2.7e-05,0.001492,-0.000952,-0.00094,-0.002022,-0.000315,0.000158,0.001051,0.00139,-0.00012,-3.6e-05,0.000301,0.000828,0.000601,-0.002518,-0.001654,-1.3e-05,0.001633,-6e-06,0.000456,-0.001165,-0.000772,0.001469,0.000317,0.000566,0.000113,-0.000547,0.000395,-0.000475,-0.000988,-0.000313,-0.000576,-0.001509,0.000566,0.000456,9.7e-05,0.001911,0.000542,-0.000269,-0.001244,-0.00013,0.00091,-0.000319,0.000309,-0.00136,0.000315,-8.8e-05,-0.000374,-0.00107,-0.000269,-0.000982,-0.000305,-0.000732,-0.001375,-0.000792,-0.000332,-0.001347,-0.000799,-0.000397,-1e-05,0.00016,-0.000521,-0.000977,6.3e-05,-3.6e-05,5e-05,-0.000999,0.000587,-0.000635,-0.000298,-0.000134,5e-05,-0.001127,-0.000883,0.000753,0.000385,3.8e-05,-0.000362,-0.00045,-0.000242,0.000912,-0.000578,0.000589,0.000238,-0.000244,-0.000452,0.000275,-0.00061,-0.000244,-9.9e-05,1.3e-05,0.000681,-0.000267,0.000309,0.000107,-0.00091,5.9e-05,-0.000158,0.000179,-0.000628,-0.000349,0.001431,0.000422,0.000141,-0.000294,7.6e-05,-0.000885,0.000523,-0.000124,0.001413,0.000999,-0.000546,-0.000273,0.000202,-0.000357,-0.000803,-0.000269,0.00033,0.000486,0.001339,0.000179,-0.001036,-0.000435,-0.000298,0.001581,-0.000793,-0.000242,-0.000807,-0.000443,-9.3e-05,-0.000225,0.000454,-4.8e-05,-0.000572,0.000347,0.000343,0.000427,-4.8e-05,-0.000584,0.000322,-0.000755,-0.000809,-0.00054,-0.000727,-0.000587,0.00021,-0.000374,-0.000448,-8.2e-05,-0.000238,-0.000689,-3.8e-05,0.000689,2.3e-05,0.000143,-0.000725,-0.000406,0.000746,-0.001379,-0.000168,-0.000551,7.4e-05,0.001064,-0.000164,-0.000372,0.000141,-0.000113,0.000715,0.000326,0.000679,-0.001244,-0.000395,-0.000702,0.000374,diem,tanah_basah,diem
0.00139,-0.00012,-3.6e-05,0.000301,0.000828,0.000601,-0.002518,-0.001654,-1.3e-05,0.001633,-6e-06,0.000456,-0.001165,-0.000772,0.001469,0.000317,0.000566,0.000113,-0.000547,0.000395,-0.000475,-0.000988,-0.000313,-0.000576,-0.001509,0.000566,0.000456,9.7e-05,0.001911,0.000542,-0.000269,-0.001244,-0.00013,0.00091,-0.000319,0.000309,-0.00136,0.000315,-8.8e-05,-0.000374,-0.00107,-0.000269,-0.000982,-0.000305,-0.000732,-0.001375,-0.000792,-0.000332,-0.001347,-0.000799,-0.000397,-1e-05,0.00016,-0.000521,-0.000977,6.3e-05,-3.6e-05,5e-05,-0.000999,0.000587,-0.000635,-0.000298,-0.000134,5e-05,-0.001127,-0.000883,0.000753,0.000385,3.8e-05,-0.000362,-0.00045,-0.000242,0.000912,-0.000578,0.000589,0.000238,-0.000244,-0.000452,0.000275,-0.00061,-0.000244,-9.9e-05,1.3e-05,0.000681,-0.000267,0.000309,0.000107,-0.00091,5.9e-05,-0.000158,0.000179,-0.000628,-0.000349,0.001431,0.000422,0.000141,-0.000294,7.6e-05,-0.000885,0.000523,-0.000124,0.001413,0.000999,-0.000546,-0.000273,0.000202,-0.000357,-0.000803,-0.000269,0.00033,0.000486,0.001339,0.000179,-0.001036,-0.000435,-0.000298,0.001581,-0.000793,-0.000242,-0.000807,-0.000443,-9.3e-05,-0.000225,0.000454,-4.8e-05,-0.000572,0.000347,0.000343,0.000427,-4.8e-05,-0.000584,0.000322,-0.000755,-0.000809,-0.00054,-0.000727,-0.000587,0.00021,-0.000374,-0.000448,-8.2e-05,-0.000238,-0.000689,-3.8e-05,0.000689,2.3e-05,0.000143,-0.000725,-0.000406,0.000746,-0.001379,-0.000168,-0.000551,7.4e-05,0.001064,-0.000164,-0.000372,0.000141,-0.000113,0.000715,0.000326,0.000679,-0.001244,-0.000395,-0.000702,0.000374,0.000671,0.00024,0.000881,0.000271,-0.000349,0.000341,-0.000401,-0.000303,-0.000534,-0.000666,5.3e-05,-0.000223,0.000383,-0.000162,-0.001204,-0.00053,-0.000326,-0.000273,-0.000196,-9.5e-05,-0.000196,-0.000498,0.000172,-3.2e-05,0.000439,-0.000784,8e-05,-0.000317,-0.000364,-0.000204,0.000502,-0.000252,0.000668,-6.7e-05,-0.000515,0.000595,-0.0002,0.000149,8e-05,0.000294,-0.000797,3.1e-05,-0.000193,-0.00054,0.000132,-7.1e-05,0.001495,-0.000645,0.000168,-0.000217,-6.5e-05,-0.000618,0.000244,1.7e-05,-0.000191,0.000816,0.000523,4.2e-05,-0.000364,-2e-06,-0.000595,0.000145,0.000618,-0.000738,-0.000614,-0.000355,-8.6e-05,-0.000237,0.000122,-0.000313,-0.000162,-0.000217,-0.000324,1.1e-05,-0.00074,-0.000814,-0.000191,0.000122,-9.3e-05,-0.000469,-0.00046,9.2e-05,0.000385,-0.000126,0.000269,0.000103,-0.000626,-0.000532,0.000937,0.000282,diem,tanah_basah,diem
0.000179,-0.000628,-0.000349,0.001431,0.000422,0.000141,-0.000294,7.6e-05,-0.000885,0.000523,-0.000124,0.001413,0.000999,-0.000546,-0.000273,0.000202,-0.000357,-0.000803,-0.000269,0.00033,0.000486,0.001339,0.000179,-0.001036,-0.000435,-0.000298,0.001581,-0.000793,-0.000242,-0.000807,-0.000443,-9.3e-05,-0.000225,0.000454,-4.8e-05,-0.000572,0.000347,0.000343,0.000427,-4.8e-05,-0.000584,0.000322,-0.000755,-0.000809,-0.00054,-0.000727,-0.000587,0.00021,-0.000374,-0.000448,-8.2e-05,-0.000238,-0.000689,-3.8e-05,0.000689,2.3e-05,0.000143,-0.000725,-0.000406,0.000746,-0.001379,-0.000168,-0.000551,7.4e-05,0.001064,-0.000164,-0.000372,0.000141,-0.000113,0.000715,0.000326,0.000679,-0.001244,-0.000395,-0.000702,0.000374,0.000671,0.00024,0.000881,0.000271,-0.000349,0.000341,-0.000401,-0.000303,-0.000534,-0.000666,5.3e-05,-0.000223,0.000383,-0.000162,-0.001204,-0.00053,-0.000326,-0.000273,-0.000196,-9.5e-05,-0.000196,-0.000498,0.000172,-3.2e-05,0.000439,-0.000784,8e-05,-0.000317,-0.000364,-0.000204,0.000502,-0.000252,0.000668,-6.7e-05,-0.000515,0.000595,-0.0002,0.000149,8e-05,0.000294,-0.000797,3.1e-05,-0.000193,-0.00054,0.000132,-7.1e-05,0.001495,-0.000645,0.000168,-0.000217,-6.5e-05,-0.000618,0.000244,1.7e-05,-0.000191,0.000816,0.000523,4.2e-05,-0.000364,-2e-06,-0.000595,0.000145,0.000618,-0.000738,-0.000614,-0.000355,-8.6e-05,-0.000237,0.000122,-0.000313,-0.000162,-0.000217,-0.000324,1.1e-05,-0.00074,-0.000814,-0.000191,0.000122,-9.3e-05,-0.000469,-0.00046,9.2e-05,0.000385,-0.000126,0.000269,0.000103,-0.000626,-0.000532,0.000937,0.000282,-0.000153,-8.8e-05,-0.00037,-0.00107,-0.000631,-0.0005,-0.000183,-0.000177,-0.000578,6e-06,-0.000156,-8e-06,-0.000181,0.000349,0.00021,-0.000933,0.000174,-6.5e-05,-0.000404,-0.000132,-0.001051,-0.000172,-0.000765,0.000198,-0.001879,5.1e-05,-0.00025,0.000114,0.00053,7.2e-05,-0.000971,-0.000103,-5.7e-05,-0.000942,-0.000404,-0.000134,-0.000393,-0.00025,0.000736,0.00036,0.000147,0.000824,0.000399,0.001339,-0.000654,-0.000996,-0.000313,-0.000959,-0.000629,-0.001234,-0.000185,-0.000549,0.000179,0.000156,-0.000292,5.3e-05,0.000717,0.001278,0.000566,-0.000298,0.000156,-0.00037,2.1e-05,-0.000151,-0.000189,-0.000153,-0.000376,2.1e-05,-0.000277,0.000685,-0.00024,-0.000593,0.000525,-0.001545,-8.6e-05,0.000404,3.2e-05,0.000843,-0.000368,0.001387,0.001425,0.000469,-0.003036,-0.000441,-0.003113,-0.001945,0.001223,-0.002195,0.000429,-0.004601,diem,tanah_basah,diem
-0.001204,-0.00053,-0.000326,-0.000273,-0.000196,-9.5e-05,-0.000196,-0.000498,0.000172,-3.2e-05,0.000439,-0.000784,8e-05,-0.000317,-0.000364,-0.000204,0.000502,-0.000252,0.000668,-6.7e-05,-0.000515,0.000595,-0.0002,0.000149,8e-05,0.000294,-0.000797,3.1e-05,-0.000193,-0.00054,0.000132,-7.1e-05,0.001495,-0.000645,0.000168,-0.000217,-6.5e-05,-0.000618,0.000244,1.7e-05,-0.000191,0.000816,0.000523,4.2e-05,-0.000364,-2e-06,-0.000595,0.000145,0.000618,-0.000738,-0.000614,-0.000355,-8.6e-05,-0.000237,0.000122,-0.000313,-0.000162,-0.000217,-0.000324,1.1e-05,-0.00074,-0.000814,-0.000191,0.000122,-9.3e-05,-0.000469,-0.00046,9.2e-05,0.000385,-0.000126,0.000269,0.000103,-0.000626,-0.000532,0.000937,0.000282,-0.000153,-8.8e-05,-0.00037,-0.00107,-0.000631,-0.0005,-0.000183,-0.000177,-0.000578,6e-06,-0.000156,-8e-06,-0.000181,0.000349,0.00021,-0.000933,0.000174,-6.5e-05,-0.000404,-0.000132,-0.001051,-0.000172,-0.000765,0.000198,-0.001879,5.1e-05,-0.00025,0.000114,0.00053,7.2e-05,-0.000971,-0.000103,-5.7e-05,-0.000942,-0.000404,-0.000134,-0.000393,-0.00025,0.000736,0.00036,0.000147,0.000824,0.000399,0.001339,-0.000654,-0.000996,-0.000313,-0.000959,-0.000629,-0.001234,-0.000185,-0.000549,0.000179,0.000156,-0.000292,5.3e-05,0.000717,0.001278,0.000566,-0.000298,0.000156,-0.00037,2.1e-05,-0.000151,-0.000189,-0.000153,-0.000376,2.1e-05,-0.000277,0.000685,-0.00024,-0.000593,0.000525,-0.001545,-8.6e-05,0.000404,3.2e-05,0.000843,-0.000368,0.001387,0.001425,0.000469,-0.003036,-0.000441,-0.003113,-0.001945,0.001223,-0.002195,0.000429,-0.004601,-0.000818,-0.000525,-0.00099,8.8e-05,0.000637,0.000345,-0.000568,-9.9e-05,-0.000263,2.7e-05,0.000576,0.000261,0.000536,-0.000298,0.000488,-0.000912,-0.001471,0.000727,0.000689,-8.8e-05,-0.000135,-0.000183,-0.000883,0.000605,-0.000572,-6.3e-05,-0.001301,-7.4e-05,0.000803,0.00078,-0.0007,0.000185,-0.000347,-0.00057,1.3e-05,-0.002577,0.002235,0.000675,-0.001139,-0.000645,0.000254,-0.000154,0.00074,-4.2e-05,-0.000217,-0.000183,0.000702,8e-05,-0.000692,0.000292,-0.000507,5.3e-05,-0.000957,3.6e-05,9.2e-05,-0.000502,0.000368,-0.000454,-0.001114,-0.001043,0.000252,-0.000677,5.9e-05,-0.000322,0.000765,-0.000118,-0.000645,-0.000288,0.000221,-0.000118,-0.000509,-0.000668,-0.000362,4.2e-05,0.000328,-0.000671,-0.000256,0.000126,-0.000954,0.000244,9.9e-05,0.000786,-0.000216,0.000271,-6e-06,-7.2e-05,-8e-06,0.000444,-0.000591,-0.000309,diem,tanah_basah,diem
0.00021,-0.000933,0.000174,-6.5e-05,-0.000404,-0.000132,-0.001051,-0.000172,-0.000765,0.000198,-0.001879,5.1e-05,-0.00025,0.000114,0.00053,7.2e-05,-0.000971,-0.000103,-5.7e-05,-0.000942,-0.000404,-0.000134,-0.000393,-0.00025,0.000736,0.00036,0.000147,0.000824,0.000399,0.001339,-0.000654,-0.000996,-0.000313,-0.000959,-0.000629,-0.001234,-0.000185,-0.000549,0.000179,0.000156,-0.000292,5.3e-05,0.000717,0.001278,0.000566,-0.000298,0.000156,-0.00037,2.1e-05,-0.000151,-0.000189,-0.000153,-0.000376,2.1e-05,-0.000277,0.000685,-0.00024,-0.000593,0.000525,-0.001545,-8.6e-05,0.000404,3.2e-05,0.000843,-0.000368,0.001387,0.001425,0.000469,-0.003036,-0.000441,-0.003113,-0.001945,0.001223,-0.002195,0.000429,-0.004601,-0.000818,-0.000525,-0.00099,8.8e-05,0.000637,0.000345,-0.000568,-9.9e-05,-0.000263,2.7e-05,0.000576,0.000261,0.000536,-0.000298,0.000488,-0.000912,-0.001471,0.000727,0.000689,-8.8e-05,-0.000135,-0.000183,-0.000883,0.000605,-0.000572,-6.3e-05,-0.001301,-7.4e-05,0.000803,0.00078,-0.0007,0.000185,-0.000347,-0.00057,1.3e-05,-0.002577,0.002235,0.000675,-0.001139,-0.000645,0.000254,-0.000154,0.00074,-4.2e-05,-0.000217,-0.000183,0.000702,8e-05,-0.000692,0.000292,-0.000507,5.3e-05,-0.000957,3.6e-05,9.2e-05,-0.000502,0.000368,-0.000454,-0.001114,-0.001043,0.000252,-0.000677,5.9e-05,-0.000322,0.000765,-0.000118,-0.000645,-0.000288,0.000221,-0.000118,-0.000509,-0.000668,-0.000362,4.2e-05,0.000328,-0.000671,-0.000256,0.000126,-0.000954,0.000244,9.9e-05,0.000786,-0.000216,0.000271,-6e-06,-7.2e-05,-8e-06,0.000444,-0.000591,-0.000309,0.000151,-0.000179,0.000158,3.8e-05,9e-05,0.000963,0.000235,-8.8e-05,-0.000116,0.000811,-0.000154,9.7e-05,-0.000181,-0.00053,-0.000246,-0.000519,-0.000238,-0.00036,-0.000923,-0.000122,-0.001411,-0.00054,0.001623,0.000484,-6.7e-05,-0.000183,-0.000782,-0.000122,-0.000406,-3.6e-05,-9.3e-05,-0.000103,-0.00012,-0.000357,0.000149,9.2e-05,-0.000885,-0.000311,0.000347,-0.00038,-0.000597,-0.000227,0.000631,0.001764,0.000126,-0.000156,-0.000639,0.000776,-1.3e-05,-0.000614,-0.000145,-0.00021,0.00034,-0.00046,0.00028,0.002172,-0.000319,-0.00041,0.000603,-0.000233,-0.000381,-0.000484,-0.000448,0.000229,-0.000196,-0.000225,0.000149,6.9e-05,-1.9e-05,-4e-06,-0.000225,0.00032,2.9e-05,-0.000212,-0.000105,-0.00065,-0.000744,-0.000654,0.000957,-0.00078,-0.000151,-6.3e-05,0.000172,-0.000385,-0.000313,-0.000372,0.000326,-0.000553,0.000727,0.000502,diem,tanah_basah,diem
0.000488,-0.000912,-0.001471,0.000727,0.000689,-8.8e-05,-0.000135,-0.000183,-0.000883,0.000605,-0.000572,-6.3e-05,-0.001301,-7.4e-05,0.000803,0.00078,-0.0007,0.000185,-0.000347,-0.00057,1.3e-05,-0.002577,0.002235,0.000675,-0.001139,-0.000645,0.000254,-0.000154,0.00074,-4.2e-05,-0.000217,-0.000183,0.000702,8e-05,-0.000692,0.000292,-0.000507,5.3e-05,-0.000957,3.6e-05,9.2e-05,-0.000502,0.000368,-0.000454,-0.001114,-0.001043,0.000252,-0.000677,5.9e-05,-0.000322,0.000765,-0.000118,-0.000645,-0.000288,0.000221,-0.000118,-0.000509,-0.000668,-0.000362,4.2e-05,0.000328,-0.000671,-0.000256,0.000126,-0.000954,0.000244,9.9e-05,0.000786,-0.000216,0.000271,-6e-06,-7.2e-05,-8e-06,0.000444,-0.000591,-0.000309,0.000151,-0.000179,0.000158,3.8e-05,9e-05,0.000963,0.000235,-8.8e-05,-0.000116,0.000811,-0.000154,9.7e-05,-0.000181,-0.00053,-0.000246,-0.000519,-0.000238,-0.00036,-0.000923,-0.000122,-0.001411,-0.00054,0.001623,0.000484,-6.7e-05,-0.000183,-0.000782,-0.000122,-0.000406,-3.6e-05,-9.3e-05,-0.000103,-0.00012,-0.000357,0.000149,9.2e-05,-0.000885,-0.000311,0.000347,-0.00038,-0.000597,-0.000227,0.000631,0.001764,0.000126,-0.000156,-0.000639,0.000776,-1.3e-05,-0.000614,-0.000145,-0.00021,0.00034,-0.00046,0.00028,0.002172,-0.000319,-0.00041,0.000603,-0.000233,-0.000381,-0.000484,-0.000448,0.000229,-0.000196,-0.000225,0.000149,6.9e-05,-1.9e-05,-4e-06,-0.000225,0.00032,2.9e-05,-0.000212,-0.000105,-0.00065,-0.000744,-0.000654,0.000957,-0.00078,-0.000151,-6.3e-05,0.000172,-0.000385,-0.000313,-0.000372,0.000326,-0.000553,0.000727,0.000502,-0.00028,-3.4e-05,0.000967,-0.000639,3.1e-05,-0.000139,0.00083,8e-05,-0.000772,0.000319,-0.000174,-0.000523,-0.000338,4e-06,-0.000311,-0.000677,0.00053,-0.000736,-0.000334,-0.000381,2.9e-05,0.000385,-0.000834,-0.000769,-6.3e-05,-4.6e-05,-0.000561,-8e-05,-0.000265,0.000288,0.000374,-0.00016,1e-05,-0.000383,8.2e-05,-0.000622,-0.000584,0.000212,-2.1e-05,-0.000717,0.000959,-0.0002,0.000656,0.000349,-0.000471,4e-05,0.000299,-0.000774,-0.000141,-0.000839,0.000164,1.3e-05,7.6e-05,-0.001144,0.00021,0.000273,-0.000164,0.000591,-7.6e-05,-0.000122,-0.000811,-3.1e-05,-0.000607,-0.000368,-0.000147,0.00053,-6.1e-05,-0.000267,-0.000725,-9.5e-05,-0.00049,-0.000401,-0.000652,-0.000679,0.000412,-0.000414,8.6e-05,-0.001457,-0.000757,-0.000656,0.000448,2e-06,-2.3e-05,0.000103,9.2e-05,0.000254,0.000736,0.00028,-0.000551,0.000134,diem,tanah_basah,diem
-0.000246,-0.000519,-0.000238,-0.00036,-0.000923,-0.000122,-0.001411,-0.00054,0.001623,0.000484,-6.7e-05,-0.000183,-0.000782,-0.000122,-0.000406,-3.6e-05,-9.3e-05,-0.000103,-0.00012,-0.000357,0.000149,9.2e-05,-0.000885,-0.000311,0.000347,-0.00038,-0.000597,-0.000227,0.000631,0.001764,0.000126,-0.000156,-0.000639,0.000776,-1.3e-05,-0.000614,-0.000145,-0.00021,0.00034,-0.00046,0.00028,0.002172,-0.000319,-0.00041,0.000603,-0.000233,-0.000381,-0.000484,-0.000448,0.000229,-0.000196,-0.000225,0.000149,6.9e-05,-1.9e-05,-4e-06,-0.000225,0.00032,2.9e-05,-0.000212,-0.000105,-0.00065,-0.000744,-0.000654,0.000957,-0.00078,-0.000151,-6.3e-05,0.000172,-0.000385,-0.000313,-0.000372,0.000326,-0.000553,0.000727,0.000502,-0.00028,-3.4e-05,0.000967,-0.000639,3.1e-05,-0.000139,0.00083,8e-05,-0.000772,0.000319,-0.000174,-0.000523,-0.000338,4e-06,-0.000311,-0.000677,0.00053,-0.000736,-0.000334,-0.000381,2.9e-05,0.000385,-0.000834,-0.000769,-6.3e-05,-4.6e-05,-0.000561,-8e-05,-0.000265,0.000288,0.000374,-0.00016,1e-05,-0.000383,8.2e-05,-0.000622,-0.000584,0.000212,-2.1e-05,-0.000717,0.000959,-0.0002,0.000656,0.000349,-0.000471,4e-05,0.000299,-0.000774,-0.000141,-0.000839,0.000164,1.3e-05,7.6e-05,-0.001144,0.00021,0.000273,-0.000164,0.000591,-7.6e-05,-0.000122,-0.000811,-3.1e-05,-0.000607,-0.000368,-0.000147,0.00053,-6.1e-05,-0.000267,-0.000725,-9.5e-05,-0.00049,-0.000401,-0.000652,-0.000679,0.000412,-0.000414,8.6e-05,-0.001457,-0.000757,-0.000656,0.000448,2e-06,-2.3e-05,0.000103,9.2e-05,0.000254,0.000736,0.00028,-0.000551,0.000134,0.000431,-0.00033,-0.000496,0.0005,0.000189,0.000414,-0.000408,-5e-05,-0.000141,-0.00029,-6.5e-05,-0.000301,-0.000143,-0.000177,-0.001102,-0.000761,-0.000145,-0.000221,-0.000357,4.6e-05,-0.00036,0.000803,0.000544,-0.000561,-4.8e-05,0.000263,-8.2e-05,0.000412,-0.000589,-0.00025,-0.000662,-6.3e-05,-0.000305,-0.000145,-0.000158,0.000286,0.000311,-2e-06,9.7e-05,-7.1e-05,-0.000359,0.000513,-0.000509,0.000742,-0.000242,0.000273,-0.000113,-0.000124,0.000107,0.000738,0.000935,-0.000317,0.000463,-0.000414,-0.000525,-0.000862,-9.9e-05,-0.001553,-0.000311,-0.000103,0.000423,0.000143,-0.000586,-2.1e-05,0.00124,0.000362,0.000244,-0.000347,-0.000593,-0.000668,-0.000378,-0.000542,-0.000521,0.000856,-0.000614,-0.000141,-0.00034,-0.0002,-0.000315,-0.000889,-0.001032,-0.000299,-0.000357,5.5e-05,0.001127,-0.000725,-0.000896,-0.000139,0.000984,-0.000961,diem,tanah_basah,diem
-0.000311,-0.000677,0.00053,-0.000736,-0.000334,-0.000381,2.9e-05,0.000385,-0.000834,-0.000769,-6.3e-05,-4.6e-05,-0.000561,-8e-05,-0.000265,0.000288,0.000374,-0.00016,1e-05,-0.000383,8.2e-05,-0.000622,-0.000584,0.000212,-2.1e-05,-0.000717,0.000959,-0.0002,0.000656,0.000349,-0.000471,4e-05,0.000299,-0.000774,-0.000141,-0.000839,0.000164,1.3e-05,7.6e-05,-0.001144,0.00021,0.000273,-0.000164,0.000591,-7.6e-05,-0.000122,-0.000811,-3.1e-05,-0.000607,-0.000368,-0.000147,0.00053,-6.1e-05,-0.000267,-0.000725,-9.5e-05,-0.00049,-0.000401,-0.000652,-0.000679,0.000412,-0.000414,8.6e-05,-0.001457,-0.000757,-0.000656,0.000448,2e-06,-2.3e-05,0.000103,9.2e-05,0.000254,0.000736,0.00028,-0.000551,0.000134,0.000431,-0.00033,-0.000496,0.0005,0.000189,0.000414,-0.000408,-5e-05,-0.000141,-0.00029,-6.5e-05,-0.000301,-0.000143,-0.000177,-0.001102,-0.000761,-0.000145,-0.000221,-0.000357,4.6e-05,-0.00036,0.000803,0.000544,-0.000561,-4.8e-05,0.000263,-8.2e-05,0.000412,-0.000589,-0.00025,-0.000662,-6.3e-05,-0.000305,-0.000145,-0.000158,0.000286,0.000311,-2e-06,9.7e-05,-7.1e-05,-0.000359,0.000513,-0.000509,0.000742,-0.000242,0.000273,-0.000113,-0.000124,0.000107,0.000738,0.000935,-0.000317,0.000463,-0.000414,-0.000525,-0.000862,-9.9e-05,-0.001553,-0.000311,-0.000103,0.000423,0.000143,-0.000586,-2.1e-05,0.00124,0.000362,0.000244,-0.000347,-0.000593,-0.000668,-0.000378,-0.000542,-0.000521,0.000856,-0.000614,-0.000141,-0.00034,-0.0002,-0.000315,-0.000889,-0.001032,-0.000299,-0.000357,5.5e-05,0.001127,-0.000725,-0.000896,-0.000139,0.000984,-0.000961,-0.000893,6e-06,0.000103,-0.000696,-0.000156,-0.000748,-0.001066,5.7e-05,-0.000118,-0.000538,0.000242,-0.000425,0.000237,0.000269,0.00131,-4.4e-05,0.000343,-0.000257,-0.000536,7.6e-05,0.000437,-0.000532,0.000633,-0.000732,0.000147,0.000673,-9.7e-05,6.1e-05,-7.8e-05,0.002283,0.000383,-0.00091,0.001015,-0.001001,-0.000288,-0.000845,-7.6e-05,-0.00053,-0.000948,0.000286,-3.8e-05,0.001617,-0.000149,-0.000139,-0.000206,-0.000471,-0.00017,-0.000422,-0.000185,-4.8e-05,-0.00078,0.000843,-0.000286,9.7e-05,0.001083,0.000143,0.000217,0.001066,0.000381,-0.000883,0.000416,-0.001282,-0.00083,0.000511,-0.000114,0.000393,-0.001228,-0.00219,0.001392,0.000435,0.001026,-0.000875,-0.000477,-0.000269,-0.000305,-0.00152,-0.000595,-0.00033,0.000668,0.003538,0.002857,-0.000404,-0.000256,-0.000656,-0.000113,0.001293,-0.000721,-0.000809,0.000441,-0.000696,diem,tanah_basah,diem
-0.000614,0.000174,0.00156,-0.000225,0.000198,0.000725,0.003479,-0.001953,-0.000977,0.00075,0.002327,0.000504,-0.042852,-0.001183,-0.001089,0.000368,-0.00049,0.00284,-0.00069,-0.014715,-0.003668,0.003277,-0.000216,0.00033,0.000105,0.008577,0.003923,-0.003092,-0.001272,0.001982,0.000992,-0.00083,-0.000345,0.014082,0.003361,-0.002924,-0.000568,0.000593,0.011562,-0.006721,-0.004629,0.00193,-0.000265,-4.8e-05,0.000282,-0.023386,0.002361,0.000137,0.000351,-9.3e-05,-5.9e-05,-0.005581,0.003397,0.002724,-0.00033,-0.000309,-0.000399,-0.000469,-0.000467,0.001295,-0.000519,-0.001562,-0.001009,0.000288,0.000431,0.005064,-0.001163,-0.000362,-0.001183,6.1e-05,0.001764,0.023989,-0.000349,-0.000731,0.002493,-0.000666,0.000196,-0.00012,0.000689,0.00108,-0.002321,0.002037,-0.000511,-0.001673,0.000702,0.035292,-0.002813,0.005198,-0.000595,-0.000967,0.001787,0.000206,-0.005987,-0.000866,0.001059,-9e-05,6.5e-05,-0.001534,0.025135,-0.003527,0.000481,-0.002146,0.000189,-0.000454,0.00017,0.004164,0.003916,-0.002316,-0.000416,-0.000622,0.00054,-0.000525,0.026394,-0.001543,-0.002031,0.001343,-0.000212,0.000954,0.003805,0.002413,0.000473,0.000257,-0.000496,0.000263,-0.001539,-0.002251,0.00017,0.000237,0.001102,0.000566,0.000845,0.00045,7.2e-05,-0.000357,0.001095,-0.000563,-0.002468,-0.00197,0.004305,0.000448,0.003059,-0.000648,0.000151,-0.002268,-0.001945,0.001926,-0.000311,0.001766,-0.006516,-0.002588,-0.000984,-0.000946,0.002295,-6.5e-05,-9.9e-05,-8.6e-05,-0.000921,0.004677,-0.001225,0.001589,0.000231,0.000463,0.002176,0.012344,-0.016651,0.000883,0.00038,0.000956,0.003447,-0.001572,-0.001722,0.001524,0.000868,-0.000269,0.00054,0.004566,0.011719,0.002216,-0.001097,-0.000166,-0.000744,-0.002106,-0.001713,-0.000139,0.000332,-0.000463,0.015081,-0.004948,0.000921,-0.000458,0.001389,0.000347,0.028475,-0.001787,-0.000502,0.015057,0.001846,0.000198,-0.022459,-0.006212,0.000671,-0.002136,-0.000843,0.000172,-0.010975,0.009497,0.004372,0.014063,0.002089,0.002274,-0.002535,-0.003344,0.002134,-0.0105,0.004206,0.003706,0.000135,0.01697,-0.002094,0.012897,-0.002914,0.000639,0.002247,5.3e-05,0.000175,0.00198,-0.009428,0.001472,-0.000404,0.018507,0.002314,0.003351,-0.002022,0.000711,0.002144,-0.001839,0.00017,-0.000467,0.00923,3.8e-05,0.000385,-0.000105,-0.00668,-0.00046,0.000931,-0.00202,0.000448,0.0026,-0.005306,4e-06,0.000135,-0.003445,-0.001488,-0.001738,-0.002148,0.000189,jalan,tanah_basah,jalan
0.001787,0.000206,-0.005987,-0.000866,0.001059,-9e-05,6.5e-05,-0.001534,0.025135,-0.003527,0.000481,-0.002146,0.000189,-0.000454,0.00017,0.004164,0.003916,-0.002316,-0.000416,-0.000622,0.00054,-0.000525,0.026394,-0.001543,-0.002031,0.001343,-0.000212,0.000954,0.003805,0.002413,0.000473,0.000257,-0.000496,0.000263,-0.001539,-0.002251,0.00017,0.000237,0.001102,0.000566,0.000845,0.00045,7.2e-05,-0.000357,0.001095,-0.000563,-0.002468,-0.00197,0.004305,0.000448,0.003059,-0.000648,0.000151,-0.002268,-0.001945,0.001926,-0.000311,0.001766,-0.006516,-0.002588,-0.000984,-0.000946,0.002295,-6.5e-05,-9.9e-05,-8.6e-05,-0.000921,0.004677,-0.001225,0.001589,0.000231,0.000463,0.002176,0.012344,-0.016651,0.000883,0.00038,0.000956,0.003447,-0.001572,-0.001722,0.001524,0.000868,-0.000269,0.00054,0.004566,0.011719,0.002216,-0.001097,-0.000166,-0.000744,-0.002106,-0.001713,-0.000139,0.000332,-0.000463,0.015081,-0.004948,0.000921,-0.000458,0.001389,0.000347,0.028475,-0.001787,-0.000502,0.015057,0.001846,0.000198,-0.022459,-0.006212,0.000671,-0.002136,-0.000843,0.000172,-0.010975,0.009497,0.004372,0.014063,0.002089,0.002274,-0.002535,-0.003344,0.002134,-0.0105,0.004206,0.003706,0.000135,0.01697,-0.002094,0.012897,-0.002914,0.000639,0.002247,5.3e-05,0.000175,0.00198,-0.009428,0.001472,-0.000404,0.018507,0.002314,0.003351,-0.002022,0.000711,0.002144,-0.001839,0.00017,-0.000467,0.00923,3.8e-05,0.000385,-0.000105,-0.00668,-0.00046,0.000931,-0.00202,0.000448,0.0026,-0.005306,4e-06,0.000135,-0.003445,-0.001488,-0.001738,-0.002148,0.000189,0.002598,-0.0051,-0.00165,0.003548,0.002232,0.003309,-4.2e-05,0.000607,-0.001051,-9e-05,-0.001104,-0.000637,-0.002897,0.002781,-0.005358,-0.000443,0.00378,0.000917,-0.001236,-0.000641,0.000536,-0.001728,0.002443,-0.001358,-0.003469,-0.000324,0.001902,-0.002499,-0.002382,-0.000277,0.000496,-0.000563,0.002108,-0.003252,-0.000687,0.000299,-0.002384,0.001173,0.001514,-0.003304,-0.000547,0.001848,0.005316,-0.001774,0.002075,-0.011173,0.000355,0.000517,-0.00831,4.8e-05,0.002295,-0.001097,-0.001326,0.005697,0.005409,-0.001245,-0.000988,0.004782,0.002663,-0.001213,-0.002502,-0.0028,0.006285,0.002104,0.002827,0.002396,0.005796,0.001945,-0.000202,-0.002335,-0.001402,0.001398,0.013819,-0.003456,0.001602,-0.000984,0.000385,0.000423,0.003447,0.000523,-0.001148,0.005468,0.000896,0.001402,-0.010777,-0.004974,-0.000414,0.008547,0.000187,0.002077,jalan,tanah_basah,jalan
-0.000744,-0.002106,-0.001713,-0.000139,0.000332,-0.000463,0.015081,-0.004948,0.000921,-0.000458,0.001389,0.000347,0.028475,-0.001787,-0.000502,0.015057,0.001846,0.000198,-0.022459,-0.006212,0.000671,-0.002136,-0.000843,0.000172,-0.010975,0.009497,0.004372,0.014063,0.002089,0.002274,-0.002535,-0.003344,0.002134,-0.0105,0.004206,0.003706,0.000135,0.01697,-0.002094,0.012897,-0.002914,0.000639,0.002247,5.3e-05,0.000175,0.00198,-0.009428,0.001472,-0.000404,0.018507,0.002314,0.003351,-0.002022,0.000711,0.002144,-0.001839,0.00017,-0.000467,0.00923,3.8e-05,0.000385,-0.000105,-0.00668,-0.00046,0.000931,-0.00202,0.000448,0.0026,-0.005306,4e-06,0.000135,-0.003445,-0.001488,-0.001738,-0.002148,0.000189,0.002598,-0.0051,-0.00165,0.003548,0.002232,0.003309,-4.2e-05,0.000607,-0.001051,-9e-05,-0.001104,-0.000637,-0.002897,0.002781,-0.005358,-0.000443,0.00378,0.000917,-0.001236,-0.000641,0.000536,-0.001728,0.002443,-0.001358,-0.003469,-0.000324,0.001902,-0.002499,-0.002382,-0.000277,0.000496,-0.000563,0.002108,-0.003252,-0.000687,0.000299,-0.002384,0.001173,0.001514,-0.003304,-0.000547,0.001848,0.005316,-0.001774,0.002075,-0.011173,0.000355,0.000517,-0.00831,4.8e-05,0.002295,-0.001097,-0.001326,0.005697,0.005409,-0.001245,-0.000988,0.004782,0.002663,-0.001213,-0.002502,-0.0028,0.006285,0.002104,0.002827,0.002396,0.005796,0.001945,-0.000202,-0.002335,-0.001402,0.001398,0.013819,-0.003456,0.001602,-0.000984,0.000385,0.000423,0.003447,0.000523,-0.001148,0.005468,0.000896,0.001402,-0.010777,-0.004974,-0.000414,0.008547,0.000187,0.002077,0.007711,-0.003258,0.000454,9.7e-05,-0.002016,-0.013433,-0.32415,0.086437,0.067869,-0.039515,0.019928,-0.068144,0.019114,0.000237,0.001122,0.001558,-0.003363,0.00091,-0.000271,0.001112,-0.001936,0.000132,0.003042,-0.001314,-0.000418,-0.019102,-0.001396,0.001087,0.000143,-0.000637,-0.000776,-0.000727,-0.001642,-0.000357,0.001661,0.002586,0.002972,-0.003723,-0.000431,0.001013,0.000868,-0.00119,-0.00062,-0.001976,0.012255,-0.001553,-0.000109,0.001287,0.002747,-0.004923,7.1e-05,0.003141,0.000523,-0.000175,-0.000233,-0.000364,-0.003647,0.001846,0.003386,0.001015,-0.000214,0.000109,0.008152,-0.002825,0.002804,0.000193,-0.000622,-8e-05,0.013615,-0.006752,-0.001236,-0.000322,0.000835,0.000664,-0.00136,-0.002211,0.002443,0.001085,-0.000879,0.000872,0.0014,-0.009848,0.005707,-0.002018,0.000124,0.000622,0.001062,-0.006422,-0.001539,0.003031,jalan,tanah_basah,jalan
-0.005358,-0.000443,0.00378,0.000917,-0.001236,-0.000641,0.000536,-0.001728,0.002443,-0.001358,-0.003469,-0.000324,0.001902,-0.002499,-0.002382,-0.000277,0.000496,-0.000563,0.002108,-0.003252,-0.000687,0.000299,-0.002384,0.001173,0.001514,-0.003304,-0.000547,0.001848,0.005316,-0.001774,0.002075,-0.011173,0.000355,0.000517,-0.00831,4.8e-05,0.002295,-0.001097,-0.001326,0.005697,0.005409,-0.001245,-0.000988,0.004782,0.002663,-0.001213,-0.002502,-0.0028,0.006285,0.002104,0.002827,0.002396,0.005796,0.001945,-0.000202,-0.002335,-0.001402,0.001398,0.013819,-0.003456,0.001602,-0.000984,0.000385,0.000423,0.003447,0.000523,-0.001148,0.005468,0.000896,0.001402,-0.010777,-0.004974,-0.000414,0.008547,0.000187,0.002077,0.007711,-0.003258,0.000454,9.7e-05,-0.002016,-0.013433,-0.32415,0.086437,0.067869,-0.039515,0.019928,-0.068144,0.019114,0.000237,0.001122,0.001558,-0.003363,0.00091,-0.000271,0.001112,-0.001936,0.000132,0.003042,-0.001314,-0.000418,-0.019102,-0.001396,0.001087,0.000143,-0.000637,-0.000776,-0.000727,-0.001642,-0.000357,0.001661,0.002586,0.002972,-0.003723,-0.000431,0.001013,0.000868,-0.00119,-0.00062,-0.001976,0.012255,-0.001553,-0.000109,0.001287,0.002747,-0.004923,7.1e-05,0.003141,0.000523,-0.000175,-0.000233,-0.000364,-0.003647,0.001846,0.003386,0.001015,-0.000214,0.000109,0.008152,-0.002825,0.002804,0.000193,-0.000622,-8e-05,0.013615,-0.006752,-0.001236,-0.000322,0.000835,0.000664,-0.00136,-0.002211,0.002443,0.001085,-0.000879,0.000872,0.0014,-0.009848,0.005707,-0.002018,0.000124,0.000622,0.001062,-0.006422,-0.001539,0.003031,-0.000401,-0.000198,-0.000128,6.7e-05,-0.001831,-0.000601,-2.9e-05,-0.000801,-0.000486,-0.001574,-0.001621,0.000246,0.001593,-8.8e-05,-0.001537,-0.000616,-0.01453,0.000942,0.000145,0.000998,-0.000261,0.001236,-0.002039,-0.002274,0.001335,-0.000111,0.000132,0.000612,-0.009356,0.000711,-0.002674,0.001329,-0.000137,0.000473,-0.010748,0.005291,0.002419,-0.000692,0.000246,0.000505,-0.006979,-0.003334,-0.004122,-0.001081,-0.000908,0.000807,0.007212,-0.000774,-0.000368,0.000866,0.000452,8.2e-05,0.001812,0.003147,0.000917,0.001377,0.000156,-0.000257,0.000755,0.004457,-0.002596,0.000311,0.001373,-7.2e-05,-0.002716,0.002304,-0.001501,0.000664,0.001068,0.004656,-0.015533,-0.00049,0.011326,-0.000349,0.001059,-0.000257,0.000177,0.005581,-0.001717,0.001822,0.000565,-0.0002,0.000774,-0.005367,-0.003498,0.001715,0.001408,-0.000107,-0.000679,-0.001005,jalan,tanah_basah,jalan
0.001122,0.001558,-0.003363,0.00091,-0.000271,0.001112,-0.001936,0.000132,0.003042,-0.001314,-0.000418,-0.019102,-0.001396,0.001087,0.000143,-0.000637,-0.000776,-0.000727,-0.001642,-0.000357,0.001661,0.002586,0.002972,-0.003723,-0.000431,0.001013,0.000868,-0.00119,-0.00062,-0.001976,0.012255,-0.001553,-0.000109,0.001287,0.002747,-0.004923,7.1e-05,0.003141,0.000523,-0.000175,-0.000233,-0.000364,-0.003647,0.001846,0.003386,0.001015,-0.000214,0.000109,0.008152,-0.002825,0.002804,0.000193,-0.000622,-8e-05,0.013615,-0.006752,-0.001236,-0.000322,0.000835,0.000664,-0.00136,-0.002211,0.002443,0.001085,-0.000879,0.000872,0.0014,-0.009848,0.005707,-0.002018,0.000124,0.000622,0.001062,-0.006422,-0.001539,0.003031,-0.000401,-0.000198,-0.000128,6.7e-05,-0.001831,-0.000601,-2.9e-05,-0.000801,-0.000486,-0.001574,-0.001621,0.000246,0.001593,-8.8e-05,-0.001537,-0.000616,-0.01453,0.000942,0.000145,0.000998,-0.000261,0.001236,-0.002039,-0.002274,0.001335,-0.000111,0.000132,0.000612,-0.009356,0.000711,-0.002674,0.001329,-0.000137,0.000473,-0.010748,0.005291,0.002419,-0.000692,0.000246,0.000505,-0.006979,-0.003334,-0.004122,-0.001081,-0.000908,0.000807,0.007212,-0.000774,-0.000368,0.000866,0.000452,8.2e-05,0.001812,0.003147,0.000917,0.001377,0.000156,-0.000257,0.000755,0.004457,-0.002596,0.000311,0.001373,-7.2e-05,-0.002716,0.002304,-0.001501,0.000664,0.001068,0.004656,-0.015533,-0.00049,0.011326,-0.000349,0.001059,-0.000257,0.000177,0.005581,-0.001717,0.001822,0.000565,-0.0002,0.000774,-0.005367,-0.003498,0.001715,0.001408,-0.000107,-0.000679,-0.001005,0.000326,0.008011,0.001442,-0.000141,-0.001101,0.005255,0.001766,0.002478,-0.003618,0.001957,0.000643,-0.000296,0.000732,0.002325,-0.000175,1.5e-05,-0.000557,-0.000286,-0.000835,0.004417,-0.003342,0.001553,0.000702,-0.000834,-0.000147,0.002707,-0.000963,-1.9e-05,0.000372,-0.000328,-0.000286,-0.001431,-0.005222,0.00054,0.002249,-0.000111,-0.000517,-0.000259,-0.003584,-0.002718,0.000782,0.000124,0.001003,-0.003984,-0.014969,0.004103,0.001598,-0.000788,-0.000166,-0.001081,0.001076,0.001045,0.000614,-8.2e-05,0.000141,0.000212,-0.012049,-0.000565,-0.002874,-0.000767,-8e-06,-0.000708,-0.00197,-0.002075,0.0002,0.000713,-5e-05,0.001535,-0.001083,0.004313,0.005264,-0.000576,-0.000444,0.000244,0.000742,0.021086,0.001575,0.000736,0.0002,0.00038,0.000427,0.014858,0.004341,-0.000544,0.000257,0.001041,0.000834,0.020321,0.002636,-0.000711,jalan,tanah_basah,jalan
-0.001537,-0.000616,-0.01453,0.000942,0.000145,0.000998,-0.000261,0.001236,-0.002039,-0.002274,0.001335,-0.000111,0.000132,0.000612,-0.009356,0.000711,-0.002674,0.001329,-0.000137,0.000473,-0.010748,0.005291,0.002419,-0.000692,0.000246,0.000505,-0.006979,-0.003334,-0.004122,-0.001081,-0.000908,0.000807,0.007212,-0.000774,-0.000368,0.000866,0.000452,8.2e-05,0.001812,0.003147,0.000917,0.001377,0.000156,-0.000257,0.000755,0.004457,-0.002596,0.000311,0.001373,-7.2e-05,-0.002716,0.002304,-0.001501,0.000664,0.001068,0.004656,-0.015533,-0.00049,0.011326,-0.000349,0.001059,-0.000257,0.000177,0.005581,-0.001717,0.001822,0.000565,-0.0002,0.000774,-0.005367,-0.003498,0.001715,0.001408,-0.000107,-0.000679,-0.001005,0.000326,0.008011,0.001442,-0.000141,-0.001101,0.005255,0.001766,0.002478,-0.003618,0.001957,0.000643,-0.000296,0.000732,0.002325,-0.000175,1.5e-05,-0.000557,-0.000286,-0.000835,0.004417,-0.003342,0.001553,0.000702,-0.000834,-0.000147,0.002707,-0.000963,-1.9e-05,0.000372,-0.000328,-0.000286,-0.001431,-0.005222,0.00054,0.002249,-0.000111,-0.000517,-0.000259,-0.003584,-0.002718,0.000782,0.000124,0.001003,-0.003984,-0.014969,0.004103,0.001598,-0.000788,-0.000166,-0.001081,0.001076,0.001045,0.000614,-8.2e-05,0.000141,0.000212,-0.012049,-0.000565,-0.002874,-0.000767,-8e-06,-0.000708,-0.00197,-0.002075,0.0002,0.000713,-5e-05,0.001535,-0.001083,0.004313,0.005264,-0.000576,-0.000444,0.000244,0.000742,0.021086,0.001575,0.000736,0.0002,0.00038,0.000427,0.014858,0.004341,-0.000544,0.000257,0.001041,0.000834,0.020321,0.002636,-0.000711,-7.1e-05,-0.00087,-0.000723,0.02289,0.005127,0.00075,-0.000336,0.000696,0.001755,-0.011061,0.004534,0.001022,-0.000801,0.0002,0.006344,0.000732,-0.004604,-0.001478,-0.000492,-0.000292,0.001036,-0.001005,0.001518,-0.000214,-0.000948,0.001509,0.003344,-0.002802,0.00078,-0.000717,0.000406,0.001766,4.2e-05,-0.005808,0.00211,-0.001402,0.000906,-0.000202,-0.00264,0.007483,0.005093,-0.001337,-4.8e-05,0.000925,0.004789,-0.002871,0.001175,0.002325,-0.001295,0.00016,-0.001629,-0.003134,0.000498,-0.000648,0.000294,0.001238,0.005505,0.007467,0.000484,-0.000473,1.3e-05,-0.000313,-0.001839,-0.002707,0.003721,-0.000923,-0.001148,0.001322,-0.01475,-0.007643,0.001797,-9.9e-05,-0.000441,4e-05,-0.005814,0.001734,-0.000303,-0.000504,0.000645,0.002056,0.014425,-0.002535,7.4e-05,4.4e-05,-9.5e-05,-0.000608,0.021336,0.000959,0.000546,-0.000858,jalan,tanah_basah,jalan
-0.000175,1.5e-05,-0.000557,-0.000286,-0.000835,0.004417,-0.003342,0.001553,0.000702,-0.000834,-0.000147,0.002707,-0.000963,-1.9e-05,0.000372,-0.000328,-0.000286,-0.001431,-0.005222,0.00054,0.002249,-0.000111,-0.000517,-0.000259,-0.003584,-0.002718,0.000782,0.000124,0.001003,-0.003984,-0.014969,0.004103,0.001598,-0.000788,-0.000166,-0.001081,0.001076,0.001045,0.000614,-8.2e-05,0.000141,0.000212,-0.012049,-0.000565,-0.002874,-0.000767,-8e-06,-0.000708,-0.00197,-0.002075,0.0002,0.000713,-5e-05,0.001535,-0.001083,0.004313,0.005264,-0.000576,-0.000444,0.000244,0.000742,0.021086,0.001575,0.000736,0.0002,0.00038,0.000427,0.014858,0.004341,-0.000544,0.000257,0.001041,0.000834,0.020321,0.002636,-0.000711,-7.1e-05,-0.00087,-0.000723,0.02289,0.005127,0.00075,-0.000336,0.000696,0.001755,-0.011061,0.004534,0.001022,-0.000801,0.0002,0.006344,0.000732,-0.004604,-0.001478,-0.000492,-0.000292,0.001036,-0.001005,0.001518,-0.000214,-0.000948,0.001509,0.003344,-0.002802,0.00078,-0.000717,0.000406,0.001766,4.2e-05,-0.005808,0.00211,-0.001402,0.000906,-0.000202,-0.00264,0.007483,0.005093,-0.001337,-4.8e-05,0.000925,0.004789,-0.002871,0.001175,0.002325,-0.001295,0.00016,-0.001629,-0.003134,0.000498,-0.000648,0.000294,0.001238,0.005505,0.007467,0.000484,-0.000473,1.3e-05,-0.000313,-0.001839,-0.002707,0.003721,-0.000923,-0.001148,0.001322,-0.01475,-0.007643,0.001797,-9.9e-05,-0.000441,4e-05,-0.005814,0.001734,-0.000303,-0.000504,0.000645,0.002056,0.014425,-0.002535,7.4e-05,4.4e-05,-9.5e-05,-0.000608,0.021336,0.000959,0.000546,-0.000858,-0.000418,0.000818,0.005585,-0.003489,6.1e-05,-1e-05,-7.2e-05,-0.000193,0.028364,-0.0054,0.000353,0.000708,-0.000107,0.000961,0.00647,-0.01104,-0.000324,-0.000872,-0.000126,0.002068,-0.00713,-0.011177,0.001528,0.000792,-7.6e-05,-0.000166,-0.016565,-0.002439,0.00247,9.7e-05,0.000893,-5.9e-05,0.001358,0.000828,3.2e-05,0.000313,-0.000334,0.002087,-0.013588,0.001465,0.001877,0.00086,0.000137,0.000237,0.003332,0.002983,1.7e-05,-0.000582,-4e-05,0.001108,0.001204,0.008358,0.001534,-0.000908,-0.000166,-0.000515,-0.007721,0.000551,-0.001116,0.000967,0.000418,0.002775,-0.002029,0.00202,-9.5e-05,-0.000118,-0.000677,-0.006006,-0.001076,-0.002865,0.001331,0.00057,0.001268,0.003887,-0.01568,0.000689,0.00313,0.000364,-0.000639,0.013571,-0.00638,0.001045,-0.000727,0.00186,0.003038,0.002062,-0.039297,0.00165,0.002531,-0.000301,jalan,tanah_basah,jalan
0.006344,0.000732,-0.004604,-0.001478,-0.000492,-0.000292,0.001036,-0.001005,0.001518,-0.000214,-0.000948,0.001509,0.003344,-0.002802,0.00078,-0.000717,0.000406,0.001766,4.2e-05,-0.005808,0.00211,-0.001402,0.000906,-0.000202,-0.00264,0.007483,0.005093,-0.001337,-4.8e-05,0.000925,0.004789,-0.002871,0.001175,0.002325,-0.001295,0.00016,-0.001629,-0.003134,0.000498,-0.000648,0.000294,0.001238,0.005505,0.007467,0.000484,-0.000473,1.3e-05,-0.000313,-0.001839,-0.002707,0.003721,-0.000923,-0.001148,0.001322,-0.01475,-0.007643,0.001797,-9.9e-05,-0.000441,4e-05,-0.005814,0.001734,-0.000303,-0.000504,0.000645,0.002056,0.014425,-0.002535,7.4e-05,4.4e-05,-9.5e-05,-0.000608,0.021336,0.000959,0.000546,-0.000858,-0.000418,0.000818,0.005585,-0.003489,6.1e-05,-1e-05,-7.2e-05,-0.000193,0.028364,-0.0054,0.000353,0.000708,-0.000107,0.000961,0.00647,-0.01104,-0.000324,-0.000872,-0.000126,0.002068,-0.00713,-0.011177,0.001528,0.000792,-7.6e-05,-0.000166,-0.016565,-0.002439,0.00247,9.7e-05,0.000893,-5.9e-05,0.001358,0.000828,3.2e-05,0.000313,-0.000334,0.002087,-0.013588,0.001465,0.001877,0.00086,0.000137,0.000237,0.003332,0.002983,1.7e-05,-0.000582,-4e-05,0.001108,0.001204,0.008358,0.001534,-0.000908,-0.000166,-0.000515,-0.007721,0.000551,-0.001116,0.000967,0.000418,0.002775,-0.002029,0.00202,-9.5e-05,-0.000118,-0.000677,-0.006006,-0.001076,-0.002865,0.001331,0.00057,0.001268,0.003887,-0.01568,0.000689,0.00313,0.000364,-0.000639,0.013571,-0.00638,0.001045,-0.000727,0.00186,0.003038,0.002062,-0.039297,0.00165,0.002531,-0.000301,0.00029,0.042425,0.00139,0.001593,-0.000196,-0.000158,-1.9e-05,0.003094,-0.00164,-0.001495,-0.001253,-0.000607,0.001867,0.003927,-0.0021,0.003111,9.2e-05,0.00012,5.5e-05,0.000151,0.01111,0.000561,-0.000528,0.001036,0.012144,-2.3e-05,0.00132,-0.000406,-0.000479,0.000166,0.010555,-0.005459,-0.003674,-0.000399,-0.000721,0.000156,-0.000145,0.006397,-0.002525,-5.9e-05,3.4e-05,-0.000347,-0.000902,0.036726,-0.001961,-0.000925,0.000263,-0.000238,-0.008024,-0.000441,-0.006338,-0.000555,0.000235,0.002207,-0.008986,0.000961,0.005793,0.002712,-0.000717,-0.000589,-0.004187,-0.000864,0.000795,-0.001488,5.1e-05,0.000587,0.001137,-0.28866,-0.000654,-0.000372,1.3e-05,-0.000324,0.000603,0.015017,0.008657,0.001127,0.002998,-0.000656,0.011366,0.005133,-0.000252,0.007353,0.001358,0.000179,0.00094,5.5e-05,0.000994,-0.001995,-0.009687,-0.005718,jalan,tanah_basah,jalan
0.00647,-0.01104,-0.000324,-0.000872,-0.000126,0.002068,-0.00713,-0.011177,0.001528,0.000792,-7.6e-05,-0.000166,-0.016565,-0.002439,0.00247,9.7e-05,0.000893,-5.9e-05,0.001358,0.000828,3.2e-05,0.000313,-0.000334,0.002087,-0.013588,0.001465,0.001877,0.00086,0.000137,0.000237,0.003332,0.002983,1.7e-05,-0.000582,-4e-05,0.001108,0.001204,0.008358,0.001534,-0.000908,-0.000166,-0.000515,-0.007721,0.000551,-0.001116,0.000967,0.000418,0.002775,-0.002029,0.00202,-9.5e-05,-0.000118,-0.000677,-0.006006,-0.001076,-0.002865,0.001331,0.00057,0.001268,0.003887,-0.01568,0.000689,0.00313,0.000364,-0.000639,0.013571,-0.00638,0.001045,-0.000727,0.00186,0.003038,0.002062,-0.039297,0.00165,0.002531,-0.000301,0.00029,0.042425,0.00139,0.001593,-0.000196,-0.000158,-1.9e-05,0.003094,-0.00164,-0.001495,-0.001253,-0.000607,0.001867,0.003927,-0.0021,0.003111,9.2e-05,0.00012,5.5e-05,0.000151,0.01111,0.000561,-0.000528,0.001036,0.012144,-2.3e-05,0.00132,-0.000406,-0.000479,0.000166,0.010555,-0.005459,-0.003674,-0.000399,-0.000721,0.000156,-0.000145,0.006397,-0.002525,-5.9e-05,3.4e-05,-0.000347,-0.000902,0.036726,-0.001961,-0.000925,0.000263,-0.000238,-0.008024,-0.000441,-0.006338,-0.000555,0.000235,0.002207,-0.008986,0.000961,0.005793,0.002712,-0.000717,-0.000589,-0.004187,-0.000864,0.000795,-0.001488,5.1e-05,0.000587,0.001137,-0.28866,-0.000654,-0.000372,1.3e-05,-0.000324,0.000603,0.015017,0.008657,0.001127,0.002998,-0.000656,0.011366,0.005133,-0.000252,0.007353,0.001358,0.000179,0.00094,5.5e-05,0.000994,-0.001995,-0.009687,-0.005718,-0.000145,0.000767,-0.002167,-0.002819,0.002071,-0.001194,0.000265,0.000328,-0.003365,0.00215,-0.001579,-0.000862,-0.000141,0.000448,0.006617,-0.003817,0.001303,0.000578,-0.000326,-0.000353,-0.00033,0.001663,0.000509,-0.00012,-0.000534,-7.2e-05,-0.002003,0.001425,0.001854,-0.000725,0.000376,0.001158,-0.001389,0.008591,-3.4e-05,-0.000792,0.000576,0.000378,-8.6e-05,-0.004589,-0.004511,-0.000917,-8e-05,-0.000147,-0.000591,-0.00025,-0.002251,5e-05,0.000517,0.005596,0.002487,0.001837,0.006466,0.001049,0.000443,0.001818,0.026066,-0.020809,0.003004,0.007902,2.9e-05,-0.000206,0.001736,-0.000765,-0.000389,3.2e-05,0.001009,-0.001308,0.001461,0.00145,-0.012543,0.003094,0.000196,0.005299,-0.000399,-0.009153,0.00412,0.000206,0.001345,-0.00248,0.000778,0.021893,-0.005327,0.003033,-0.001867,-0.001207,0.001572,-0.009874,-0.002384,7.2e-05,jalan,tanah_basah,jalan
-0.0021,0.003111,9.2e-05,0.00012,5.5e-05,0.000151,0.01111,0.000561,-0.000528,0.001036,0.012144,-2.3e-05,0.00132,-0.000406,-0.000479,0.000166,0.010555,-0.005459,-0.003674,-0.000399,-0.000721,0.000156,-0.000145,0.006397,-0.002525,-5.9e-05,3.4e-05,-0.000347,-0.000902,0.036726,-0.001961,-0.000925,0.000263,-0.000238,-0.008024,-0.000441,-0.006338,-0.000555,0.000235,0.002207,-0.008986,0.000961,0.005793,0.002712,-0.000717,-0.000589,-0.004187,-0.000864,0.000795,-0.001488,5.1e-05,0.000587,0.001137,-0.28866,-0.000654,-0.000372,1.3e-05,-0.000324,0.000603,0.015017,0.008657,0.001127,0.002998,-0.000656,0.011366,0.005133,-0.000252,0.007353,0.001358,0.000179,0.00094,5.5e-05,0.000994,-0.001995,-0.009687,-0.005718,-0.000145,0.000767,-0.002167,-0.002819,0.002071,-0.001194,0.000265,0.000328,-0.003365,0.00215,-0.001579,-0.000862,-0.000141,0.000448,0.006617,-0.003817,0.001303,0.000578,-0.000326,-0.000353,-0.00033,0.001663,0.000509,-0.00012,-0.000534,-7.2e-05,-0.002003,0.001425,0.001854,-0.000725,0.000376,0.001158,-0.001389,0.008591,-3.4e-05,-0.000792,0.000576,0.000378,-8.6e-05,-0.004589,-0.004511,-0.000917,-8e-05,-0.000147,-0.000591,-0.00025,-0.002251,5e-05,0.000517,0.005596,0.002487,0.001837,0.006466,0.001049,0.000443,0.001818,0.026066,-0.020809,0.003004,0.007902,2.9e-05,-0.000206,0.001736,-0.000765,-0.000389,3.2e-05,0.001009,-0.001308,0.001461,0.00145,-0.012543,0.003094,0.000196,0.005299,-0.000399,-0.009153,0.00412,0.000206,0.001345,-0.00248,0.000778,0.021893,-0.005327,0.003033,-0.001867,-0.001207,0.001572,-0.009874,-0.002384,7.2e-05,0.002546,-0.006947,3.1e-05,-0.005121,0.000124,0.00099,0.002346,0.002169,0.004959,0.003834,0.000822,0.001026,0.002178,-0.024385,0.001371,-0.014799,0.001909,0.000286,0.000303,-0.041775,0.000734,-6.1e-05,-0.00017,0.00235,0.002525,0.016422,0.001059,-0.006039,-0.000797,-0.00016,-0.000273,-0.000475,-0.000275,-0.003113,-0.000622,0.000204,0.000267,0.00869,0.013567,0.00251,-0.000544,0.00033,-0.000692,-0.001057,0.003147,-0.000597,-0.000811,0.002369,0.001198,0.073013,0.000162,0.001162,-0.000605,0.000982,-0.000639,-0.010948,0.001783,-0.001997,-0.00029,-0.000174,0.003162,0.01849,-0.00448,0.002748,-0.000862,-0.000994,0.000616,-0.001657,-0.006718,0.005394,0.000755,0.000565,0.003038,-0.01878,-0.002834,0.00123,0.001837,0.001781,-0.008253,0.005823,-0.001535,0.003244,-0.006203,4e-05,0.003048,0.001572,-0.00909,0.002459,-0.003935,-0.002758,jalan,tanah_basah,jalan
0.006617,-0.003817,0.001303,0.000578,-0.000326,-0.000353,-0.00033,0.001663,0.000509,-0.00012,-0.000534,-7.2e-05,-0.002003,0.001425,0.001854,-0.000725,0.000376,0.001158,-0.001389,0.008591,-3.4e-05,-0.000792,0.000576,0.000378,-8.6e-05,-0.004589,-0.004511,-0.000917,-8e-05,-0.000147,-0.000591,-0.00025,-0.002251,5e-05,0.000517,0.005596,0.002487,0.001837,0.006466,0.001049,0.000443,0.001818,0.026066,-0.020809,0.003004,0.007902,2.9e-05,-0.000206,0.001736,-0.000765,-0.000389,3.2e-05,0.001009,-0.001308,0.001461,0.00145,-0.012543,0.003094,0.000196,0.005299,-0.000399,-0.009153,0.00412,0.000206,0.001345,-0.00248,0.000778,0.021893,-0.005327,0.003033,-0.001867,-0.001207,0.001572,-0.009874,-0.002384,7.2e-05,0.002546,-0.006947,3.1e-05,-0.005121,0.000124,0.00099,0.002346,0.002169,0.004959,0.003834,0.000822,0.001026,0.002178,-0.024385,0.001371,-0.014799,0.001909,0.000286,0.000303,-0.041775,0.000734,-6.1e-05,-0.00017,0.00235,0.002525,0.016422,0.001059,-0.006039,-0.000797,-0.00016,-0.000273,-0.000475,-0.000275,-0.003113,-0.000622,0.000204,0.000267,0.00869,0.013567,0.00251,-0.000544,0.00033,-0.000692,-0.001057,0.003147,-0.000597,-0.000811,0.002369,0.001198,0.073013,0.000162,0.001162,-0.000605,0.000982,-0.000639,-0.010948,0.001783,-0.001997,-0.00029,-0.000174,0.003162,0.01849,-0.00448,0.002748,-0.000862,-0.000994,0.000616,-0.001657,-0.006718,0.005394,0.000755,0.000565,0.003038,-0.01878,-0.002834,0.00123,0.001837,0.001781,-0.008253,0.005823,-0.001535,0.003244,-0.006203,4e-05,0.003048,0.001572,-0.00909,0.002459,-0.003935,-0.002758,-0.000322,0.002319,0.005474,-0.001432,0.002346,0.000471,3.8e-05,-0.094608,-0.000597,0.000299,0.001366,-0.013681,-0.004271,0.000835,-0.003139,0.001289,0.002111,0.00107,-0.000336,0.00775,0.001137,0.002188,0.001768,-0.000471,-0.000893,-0.005707,0.001526,0.004248,0.001223,0.000172,4.6e-05,0.001997,0.076523,0.003832,0.002947,-0.001356,0.000338,0.002399,0.000708,0.002403,0.00145,-0.000584,-0.000753,0.002871,0.02,-0.00573,0.000931,0.000486,0.00036,-0.000692,-0.001442,-0.000261,-0.000294,0.000257,0.000931,0.001366,-0.03409,0.002733,0.001808,0.000401,0.000872,0.002934,0.004778,0.02083,0.00106,5.3e-05,-0.00041,0.001389,0.014158,-0.005136,0.001247,0.001614,2.9e-05,0.002445,0.002701,0.008585,0.00148,-0.002131,-0.000648,0.002171,-0.077759,0.001602,0.000109,0.002316,-0.000267,-0.007238,0.001764,0.000309,0.005091,0.001553,jalan,tanah_basah,jalan
0.001371,-0.014799,0.001909,0.000286,0.000303,-0.041775,0.000734,-6.1e-05,-0.00017,0.00235,0.002525,0.016422,0.001059,-0.006039,-0.000797,-0.00016,-0.000273,-0.000475,-0.000275,-0.003113,-0.000622,0.000204,0.000267,0.00869,0.013567,0.00251,-0.000544,0.00033,-0.000692,-0.001057,0.003147,-0.000597,-0.000811,0.002369,0.001198,0.073013,0.000162,0.001162,-0.000605,0.000982,-0.000639,-0.010948,0.001783,-0.001997,-0.00029,-0.000174,0.003162,0.01849,-0.00448,0.002748,-0.000862,-0.000994,0.000616,-0.001657,-0.006718,0.005394,0.000755,0.000565,0.003038,-0.01878,-0.002834,0.00123,0.001837,0.001781,-0.008253,0.005823,-0.001535,0.003244,-0.006203,4e-05,0.003048,0.001572,-0.00909,0.002459,-0.003935,-0.002758,-0.000322,0.002319,0.005474,-0.001432,0.002346,0.000471,3.8e-05,-0.094608,-0.000597,0.000299,0.001366,-0.013681,-0.004271,0.000835,-0.003139,0.001289,0.002111,0.00107,-0.000336,0.00775,0.001137,0.002188,0.001768,-0.000471,-0.000893,-0.005707,0.001526,0.004248,0.001223,0.000172,4.6e-05,0.001997,0.076523,0.003832,0.002947,-0.001356,0.000338,0.002399,0.000708,0.002403,0.00145,-0.000584,-0.000753,0.002871,0.02,-0.00573,0.000931,0.000486,0.00036,-0.000692,-0.001442,-0.000261,-0.000294,0.000257,0.000931,0.001366,-0.03409,0.002733,0.001808,0.000401,0.000872,0.002934,0.004778,0.02083,0.00106,5.3e-05,-0.00041,0.001389,0.014158,-0.005136,0.001247,0.001614,2.9e-05,0.002445,0.002701,0.008585,0.00148,-0.002131,-0.000648,0.002171,-0.077759,0.001602,0.000109,0.002316,-0.000267,-0.007238,0.001764,0.000309,0.005091,0.001553,0.000263,0.001455,0.02772,0.001375,-0.000389,0.002249,0.005728,0.002216,-0.004662,-0.003721,-0.00561,-0.001455,0.000874,0.002449,-0.00602,-0.005865,0.001245,-0.004354,-0.001854,0.00098,-0.007727,-0.002403,0.013277,0.005144,0.001116,0.001699,-0.024082,-0.000408,0.002745,0.001677,-0.007225,0.001173,0.012775,-0.003447,-0.000587,-0.00038,0.002687,0.002928,-0.001139,-0.00069,0.000662,0.000757,0.023746,0.003326,-0.011929,-0.001085,-0.00025,-0.006519,0.006159,0.002249,-0.001247,-0.001041,0.002514,-0.000668,7.1e-05,-0.003979,-0.001097,0.003695,0.000313,-0.000689,0.002462,0.00176,-0.023697,0.00292,0.001671,-0.000307,0.000362,-0.057568,0.000654,0.002792,3.6e-05,-0.000406,0.001627,-0.023005,0.001593,0.001123,0.002037,0.000696,-0.000755,0.003021,0.025492,0.005461,-0.001583,-0.000151,0.00127,-0.001057,-0.017149,0.003941,0.001413,0.000532,jalan,tanah_basah,jalan
-0.003139,0.001289,0.002111,0.00107,-0.000336,0.00775,0.001137,0.002188,0.001768,-0.000471,-0.000893,-0.005707,0.001526,0.004248,0.001223,0.000172,4.6e-05,0.001997,0.076523,0.003832,0.002947,-0.001356,0.000338,0.002399,0.000708,0.002403,0.00145,-0.000584,-0.000753,0.002871,0.02,-0.00573,0.000931,0.000486,0.00036,-0.000692,-0.001442,-0.000261,-0.000294,0.000257,0.000931,0.001366,-0.03409,0.002733,0.001808,0.000401,0.000872,0.002934,0.004778,0.02083,0.00106,5.3e-05,-0.00041,0.001389,0.014158,-0.005136,0.001247,0.001614,2.9e-05,0.002445,0.002701,0.008585,0.00148,-0.002131,-0.000648,0.002171,-0.077759,0.001602,0.000109,0.002316,-0.000267,-0.007238,0.001764,0.000309,0.005091,0.001553,0.000263,0.001455,0.02772,0.001375,-0.000389,0.002249,0.005728,0.002216,-0.004662,-0.003721,-0.00561,-0.001455,0.000874,0.002449,-0.00602,-0.005865,0.001245,-0.004354,-0.001854,0.00098,-0.007727,-0.002403,0.013277,0.005144,0.001116,0.001699,-0.024082,-0.000408,0.002745,0.001677,-0.007225,0.001173,0.012775,-0.003447,-0.000587,-0.00038,0.002687,0.002928,-0.001139,-0.00069,0.000662,0.000757,0.023746,0.003326,-0.011929,-0.001085,-0.00025,-0.006519,0.006159,0.002249,-0.001247,-0.001041,0.002514,-0.000668,7.1e-05,-0.003979,-0.001097,0.003695,0.000313,-0.000689,0.002462,0.00176,-0.023697,0.00292,0.001671,-0.000307,0.000362,-0.057568,0.000654,0.002792,3.6e-05,-0.000406,0.001627,-0.023005,0.001593,0.001123,0.002037,0.000696,-0.000755,0.003021,0.025492,0.005461,-0.001583,-0.000151,0.00127,-0.001057,-0.017149,0.003941,0.001413,0.000532,-0.00107,-0.00034,0.000668,0.002813,0.000576,0.000849,0.000717,0.001738,-0.01297,0.000399,0.002449,0.000668,5.1e-05,-0.000351,-0.000919,-0.000435,-0.00046,-0.001648,0.000534,0.001858,0.003471,0.000628,0.001997,0.002661,1.3e-05,0.000618,0.003506,-0.00102,0.006815,0.001434,0.000652,-0.002087,-0.000397,0.014956,0.00128,0.001612,-0.000162,-2.5e-05,-0.001589,0.000715,-0.000242,-0.004774,0.000994,-0.002047,0.001081,-0.005966,-0.004231,0.005407,0.001085,-0.000141,-0.001215,0.004414,6.3e-05,0.001188,0.000528,0.001862,-0.000515,0.001793,0.003664,0.003635,-0.000805,-0.001318,0.000397,0.000904,-0.001055,-0.000889,0.006557,0.001329,0.000498,0.00247,-0.006582,-0.002539,0.006588,-0.000298,-0.000765,-0.000151,0.002079,0.000315,-0.000126,0.004488,-0.000853,0.001925,-0.000256,0.001644,-0.00032,0.003088,0.000322,-0.002804,-0.001099,-0.004454,jalan,tanah_basah,jalan
-0.00602,-0.005865,0.001245,-0.004354,-0.001854,0.00098,-0.007727,-0.002403,0.013277,0.005144,0.001116,0.001699,-0.024082,-0.000408,0.002745,0.001677,-0.007225,0.001173,0.012775,-0.003447,-0.000587,-0.00038,0.002687,0.002928,-0.001139,-0.00069,0.000662,0.000757,0.023746,0.003326,-0.011929,-0.001085,-0.00025,-0.006519,0.006159,0.002249,-0.001247,-0.001041,0.002514,-0.000668,7.1e-05,-0.003979,-0.001097,0.003695,0.000313,-0.000689,0.002462,0.00176,-0.023697,0.00292,0.001671,-0.000307,0.000362,-0.057568,0.000654,0.002792,3.6e-05,-0.000406,0.001627,-0.023005,0.001593,0.001123,0.002037,0.000696,-0.000755,0.003021,0.025492,0.005461,-0.001583,-0.000151,0.00127,-0.001057,-0.017149,0.003941,0.001413,0.000532,-0.00107,-0.00034,0.000668,0.002813,0.000576,0.000849,0.000717,0.001738,-0.01297,0.000399,0.002449,0.000668,5.1e-05,-0.000351,-0.000919,-0.000435,-0.00046,-0.001648,0.000534,0.001858,0.003471,0.000628,0.001997,0.002661,1.3e-05,0.000618,0.003506,-0.00102,0.006815,0.001434,0.000652,-0.002087,-0.000397,0.014956,0.00128,0.001612,-0.000162,-2.5e-05,-0.001589,0.000715,-0.000242,-0.004774,0.000994,-0.002047,0.001081,-0.005966,-0.004231,0.005407,0.001085,-0.000141,-0.001215,0.004414,6.3e-05,0.001188,0.000528,0.001862,-0.000515,0.001793,0.003664,0.003635,-0.000805,-0.001318,0.000397,0.000904,-0.001055,-0.000889,0.006557,0.001329,0.000498,0.00247,-0.006582,-0.002539,0.006588,-0.000298,-0.000765,-0.000151,0.002079,0.000315,-0.000126,0.004488,-0.000853,0.001925,-0.000256,0.001644,-0.00032,0.003088,0.000322,-0.002804,-0.001099,-0.004454,0.001127,0.001259,-0.000835,0.001581,0.002602,0.000542,-0.004997,0.000765,0.002819,-0.000822,-0.000132,-0.006369,-0.001001,-6.7e-05,-0.001177,0.00057,0.000864,0.002867,0.001284,-0.011145,-0.001564,0.000565,-1.7e-05,-0.001019,-0.004892,6e-06,-8.2e-05,0.001581,-0.000853,-0.000723,0.000725,-0.008799,0.001194,0.001301,0.001165,0.00074,-0.000948,0.001272,-0.002615,0.000319,-0.000418,0.000443,0.01013,0.001015,5.3e-05,0.002272,-0.003635,-0.00222,-0.001541,0.003262,-0.000679,0.001585,-0.003819,-0.000883,0.003181,0.002968,-0.005028,-0.003786,-0.000708,-0.000502,-0.001671,0.001245,-0.000792,0.000755,-0.001406,-0.000179,0.000189,-0.000648,-0.000645,0.000607,0.001534,-0.000391,0.000744,0.010048,0.000834,0.001986,0.00391,-0.000919,-0.00091,0.001274,-0.00939,0.001215,-0.002634,-0.003262,-0.001625,0.000626,-0.000648,-0.000179,0.00609,-0.001932,jalan,tanah_basah,jalan
-0.000919,-0.000435,-0.00046,-0.001648,0.000534,0.001858,0.003471,0.000628,0.001997,0.002661,1.3e-05,0.000618,0.003506,-0.00102,0.006815,0.001434,0.000652,-0.002087,-0.000397,0.014956,0.00128,0.001612,-0.000162,-2.5e-05,-0.001589,0.000715,-0.000242,-0.004774,0.000994,-0.002047,0.001081,-0.005966,-0.004231,0.005407,0.001085,-0.000141,-0.001215,0.004414,6.3e-05,0.001188,0.000528,0.001862,-0.000515,0.001793,0.003664,0.003635,-0.000805,-0.001318,0.000397,0.000904,-0.001055,-0.000889,0.006557,0.001329,0.000498,0.00247,-0.006582,-0.002539,0.006588,-0.000298,-0.000765,-0.000151,0.002079,0.000315,-0.000126,0.004488,-0.000853,0.001925,-0.000256,0.001644,-0.00032,0.003088,0.000322,-0.002804,-0.001099,-0.004454,0.001127,0.001259,-0.000835,0.001581,0.002602,0.000542,-0.004997,0.000765,0.002819,-0.000822,-0.000132,-0.006369,-0.001001,-6.7e-05,-0.001177,0.00057,0.000864,0.002867,0.001284,-0.011145,-0.001564,0.000565,-1.7e-05,-0.001019,-0.004892,6e-06,-8.2e-05,0.001581,-0.000853,-0.000723,0.000725,-0.008799,0.001194,0.001301,0.001165,0.00074,-0.000948,0.001272,-0.002615,0.000319,-0.000418,0.000443,0.01013,0.001015,5.3e-05,0.002272,-0.003635,-0.00222,-0.001541,0.003262,-0.000679,0.001585,-0.003819,-0.000883,0.003181,0.002968,-0.005028,-0.003786,-0.000708,-0.000502,-0.001671,0.001245,-0.000792,0.000755,-0.001406,-0.000179,0.000189,-0.000648,-0.000645,0.000607,0.001534,-0.000391,0.000744,0.010048,0.000834,0.001986,0.00391,-0.000919,-0.00091,0.001274,-0.00939,0.001215,-0.002634,-0.003262,-0.001625,0.000626,-0.000648,-0.000179,0.00609,-0.001932,8e-05,0.00041,0.001493,-0.003246,-0.001186,-0.01083,-0.001705,0.000687,0.000313,-0.000294,0.001438,0.002085,0.000973,-0.000357,0.000858,0.011312,-0.00209,0.00478,0.000944,-0.000938,-0.000862,-0.005159,-0.000565,0.008757,-0.000902,0.000177,0.001125,0.001875,0.017344,0.001112,0.003857,0.00033,0.001217,-0.000303,0.002275,-0.001957,0.008224,0.002306,3.6e-05,0.003075,0.007874,-0.002415,0.002752,-0.000391,0.002043,0.002808,0.001528,0.000395,0.001532,-0.003399,0.001678,0.001734,0.001772,-0.000889,-0.000669,0.001829,-0.005041,-0.00038,0.000254,-0.007603,-0.001509,0.000889,-0.000942,-0.004702,0.000423,-0.007866,-0.002028,0.002502,0.001314,0.000158,-0.00156,0.008583,-0.003014,0.000582,-0.000431,-0.001099,0.002943,-0.016243,0.000284,0.002329,-0.00028,-0.000389,0.002132,-0.000912,-0.001667,0.001591,-0.001362,-0.000326,-0.00074,0.005247,jalan,tanah_basah,jalan
-0.001177,0.00057,0.000864,0.002867,0.001284,-0.011145,-0.001564,0.000565,-1.7e-05,-0.001019,-0.004892,6e-06,-8.2e-05,0.001581,-0.000853,-0.000723,0.000725,-0.008799,0.001194,0.001301,0.001165,0.00074,-0.000948,0.001272,-0.002615,0.000319,-0.000418,0.000443,0.01013,0.001015,5.3e-05,0.002272,-0.003635,-0.00222,-0.001541,0.003262,-0.000679,0.001585,-0.003819,-0.000883,0.003181,0.002968,-0.005028,-0.003786,-0.000708,-0.000502,-0.001671,0.001245,-0.000792,0.000755,-0.001406,-0.000179,0.000189,-0.000648,-0.000645,0.000607,0.001534,-0.000391,0.000744,0.010048,0.000834,0.001986,0.00391,-0.000919,-0.00091,0.001274,-0.00939,0.001215,-0.002634,-0.003262,-0.001625,0.000626,-0.000648,-0.000179,0.00609,-0.001932,8e-05,0.00041,0.001493,-0.003246,-0.001186,-0.01083,-0.001705,0.000687,0.000313,-0.000294,0.001438,0.002085,0.000973,-0.000357,0.000858,0.011312,-0.00209,0.00478,0.000944,-0.000938,-0.000862,-0.005159,-0.000565,0.008757,-0.000902,0.000177,0.001125,0.001875,0.017344,0.001112,0.003857,0.00033,0.001217,-0.000303,0.002275,-0.001957,0.008224,0.002306,3.6e-05,0.003075,0.007874,-0.002415,0.002752,-0.000391,0.002043,0.002808,0.001528,0.000395,0.001532,-0.003399,0.001678,0.001734,0.001772,-0.000889,-0.000669,0.001829,-0.005041,-0.00038,0.000254,-0.007603,-0.001509,0.000889,-0.000942,-0.004702,0.000423,-0.007866,-0.002028,0.002502,0.001314,0.000158,-0.00156,0.008583,-0.003014,0.000582,-0.000431,-0.001099,0.002943,-0.016243,0.000284,0.002329,-0.00028,-0.000389,0.002132,-0.000912,-0.001667,0.001591,-0.001362,-0.000326,-0.00074,0.005247,0.009447,0.001942,0.002264,4e-05,0.002041,-0.001204,0.002672,-0.000452,0.000189,-0.000351,0.000822,0.002136,-0.005306,-0.000568,0.001768,-0.000154,0.00065,0.001144,0.028183,0.000465,-0.000587,-0.000557,-0.000303,0.001101,-0.004532,0.010376,-0.000198,0.001032,0.000511,0.000181,-0.000227,0.004503,-0.000397,0.000198,0.00049,0.000744,0.000977,0.029396,-0.004583,0.002779,-0.001148,-8e-05,0.000443,-0.001539,0.005016,-0.000168,0.001322,-0.000305,-0.000414,0.002489,-0.033043,0.000317,0.00103,-0.000877,0.000933,0.001991,0.001646,-0.019072,0.001282,-0.003195,-0.001064,-0.000147,-0.000412,-0.007496,0.004955,-0.000265,0.001728,0.000385,-0.000687,-0.001238,-0.002035,-0.000755,-0.000372,0.000172,-0.000553,0.008926,-0.016739,0.021074,0.000929,0.00083,-0.000134,0.002281,0.002552,-0.000275,-0.000275,0.001863,-9e-05,0.005056,0.002613,-0.014311,jalan,tanah_basah,jalan
0.000858,0.011312,-0.00209,0.00478,0.000944,-0.000938,-0.000862,-0.005159,-0.000565,0.008757,-0.000902,0.000177,0.001125,0.001875,0.017344,0.001112,0.003857,0.00033,0.001217,-0.000303,0.002275,-0.001957,0.008224,0.002306,3.6e-05,0.003075,0.007874,-0.002415,0.002752,-0.000391,0.002043,0.002808,0.001528,0.000395,0.001532,-0.003399,0.001678,0.001734,0.001772,-0.000889,-0.000669,0.001829,-0.005041,-0.00038,0.000254,-0.007603,-0.001509,0.000889,-0.000942,-0.004702,0.000423,-0.007866,-0.002028,0.002502,0.001314,0.000158,-0.00156,0.008583,-0.003014,0.000582,-0.000431,-0.001099,0.002943,-0.016243,0.000284,0.002329,-0.00028,-0.000389,0.002132,-0.000912,-0.001667,0.001591,-0.001362,-0.000326,-0.00074,0.005247,0.009447,0.001942,0.002264,4e-05,0.002041,-0.001204,0.002672,-0.000452,0.000189,-0.000351,0.000822,0.002136,-0.005306,-0.000568,0.001768,-0.000154,0.00065,0.001144,0.028183,0.000465,-0.000587,-0.000557,-0.000303,0.001101,-0.004532,0.010376,-0.000198,0.001032,0.000511,0.000181,-0.000227,0.004503,-0.000397,0.000198,0.00049,0.000744,0.000977,0.029396,-0.004583,0.002779,-0.001148,-8e-05,0.000443,-0.001539,0.005016,-0.000168,0.001322,-0.000305,-0.000414,0.002489,-0.033043,0.000317,0.00103,-0.000877,0.000933,0.001991,0.001646,-0.019072,0.001282,-0.003195,-0.001064,-0.000147,-0.000412,-0.007496,0.004955,-0.000265,0.001728,0.000385,-0.000687,-0.001238,-0.002035,-0.000755,-0.000372,0.000172,-0.000553,0.008926,-0.016739,0.021074,0.000929,0.00083,-0.000134,0.002281,0.002552,-0.000275,-0.000275,0.001863,-9e-05,0.005056,0.002613,-0.014311,-0.001291,0.003263,0.00033,0.000507,0.000933,-0.002884,0.006672,0.00181,-0.000792,-0.00045,0.000544,0.002348,-0.015333,-0.00037,0.001331,0.000376,-0.000416,0.000326,-0.004347,0.063967,0.002136,0.000332,0.000269,-0.000235,0.002659,-0.013432,0.001392,-0.000742,0.002331,-2.5e-05,4.8e-05,0.00676,-0.000422,0.001812,-0.00267,-0.002359,0.000574,0.00169,-0.000536,0.000452,0.001003,0.000362,-0.000372,0.003019,0.005262,0.007616,-3.8e-05,-0.001911,-0.00049,0.0023,0.003225,-0.003426,0.003054,0.002588,0.000189,-0.002033,-0.000872,0.007259,0.001139,0.000401,0.000519,0.002356,0.001884,-0.039833,0.000124,0.000729,0.000792,-0.000387,-0.000446,-0.006628,0.011486,-0.007242,-0.002687,-0.00021,0.000523,0.001822,-0.020758,-0.00634,0.00182,-0.001249,0.000177,8e-05,-0.000439,-0.002058,-0.005033,-0.000374,-0.002073,0.002855,0.003197,-0.017038,jalan,tanah_basah,jalan
0.001768,-0.000154,0.00065,0.001144,0.028183,0.000465,-0.000587,-0.000557,-0.000303,0.001101,-0.004532,0.010376,-0.000198,0.001032,0.000511,0.000181,-0.000227,0.004503,-0.000397,0.000198,0.00049,0.000744,0.000977,0.029396,-0.004583,0.002779,-0.001148,-8e-05,0.000443,-0.001539,0.005016,-0.000168,0.001322,-0.000305,-0.000414,0.002489,-0.033043,0.000317,0.00103,-0.000877,0.000933,0.001991,0.001646,-0.019072,0.001282,-0.003195,-0.001064,-0.000147,-0.000412,-0.007496,0.004955,-0.000265,0.001728,0.000385,-0.000687,-0.001238,-0.002035,-0.000755,-0.000372,0.000172,-0.000553,0.008926,-0.016739,0.021074,0.000929,0.00083,-0.000134,0.002281,0.002552,-0.000275,-0.000275,0.001863,-9e-05,0.005056,0.002613,-0.014311,-0.001291,0.003263,0.00033,0.000507,0.000933,-0.002884,0.006672,0.00181,-0.000792,-0.00045,0.000544,0.002348,-0.015333,-0.00037,0.001331,0.000376,-0.000416,0.000326,-0.004347,0.063967,0.002136,0.000332,0.000269,-0.000235,0.002659,-0.013432,0.001392,-0.000742,0.002331,-2.5e-05,4.8e-05,0.00676,-0.000422,0.001812,-0.00267,-0.002359,0.000574,0.00169,-0.000536,0.000452,0.001003,0.000362,-0.000372,0.003019,0.005262,0.007616,-3.8e-05,-0.001911,-0.00049,0.0023,0.003225,-0.003426,0.003054,0.002588,0.000189,-0.002033,-0.000872,0.007259,0.001139,0.000401,0.000519,0.002356,0.001884,-0.039833,0.000124,0.000729,0.000792,-0.000387,-0.000446,-0.006628,0.011486,-0.007242,-0.002687,-0.00021,0.000523,0.001822,-0.020758,-0.00634,0.00182,-0.001249,0.000177,8e-05,-0.000439,-0.002058,-0.005033,-0.000374,-0.002073,0.002855,0.003197,-0.017038,-0.004986,0.001186,-0.000463,-0.001188,-0.000376,0.007927,0.004589,-0.00091,0.001366,-0.000904,0.000427,0.004547,-0.000313,-0.000576,0.003351,0.000156,0.000584,-0.000383,-0.001127,-0.011469,0.000605,-0.001431,0.00025,0.002087,-0.009773,-0.000313,0.001787,-0.016861,0.001877,6e-06,0.000351,-0.001562,0.000967,-0.000126,-0.010956,-0.001833,0.001375,0.010242,0.002796,-0.002869,-0.002007,5.7e-05,6.1e-05,-0.009054,-0.000719,0.035717,0.002594,0.002205,0.000875,0.006084,-0.013046,0.001776,0.003214,-0.000431,0.000395,0.001398,-0.212273,-0.001062,-0.000963,0.002317,0.000208,-0.000982,-0.023697,0.004383,-0.001137,-0.000978,0.000231,0.002262,0.027866,-0.004505,-0.002542,-0.000149,0.000116,2.5e-05,0.005281,-0.002367,-0.001144,-0.001101,0.00078,0.002003,-0.014423,0.001158,0.001364,-0.000532,-0.001383,-0.000666,0.020763,-0.001688,-0.00062,-0.000435,jalan,tanah_basah,jalan
0.001331,0.000376,-0.000416,0.000326,-0.004347,0.063967,0.002136,0.000332,0.000269,-0.000235,0.002659,-0.013432,0.001392,-0.000742,0.002331,-2.5e-05,4.8e-05,0.00676,-0.000422,0.001812,-0.00267,-0.002359,0.000574,0.00169,-0.000536,0.000452,0.001003,0.000362,-0.000372,0.003019,0.005262,0.007616,-3.8e-05,-0.001911,-0.00049,0.0023,0.003225,-0.003426,0.003054,0.002588,0.000189,-0.002033,-0.000872,0.007259,0.001139,0.000401,0.000519,0.002356,0.001884,-0.039833,0.000124,0.000729,0.000792,-0.000387,-0.000446,-0.006628,0.011486,-0.007242,-0.002687,-0.00021,0.000523,0.001822,-0.020758,-0.00634,0.00182,-0.001249,0.000177,8e-05,-0.000439,-0.002058,-0.005033,-0.000374,-0.002073,0.002855,0.003197,-0.017038,-0.004986,0.001186,-0.000463,-0.001188,-0.000376,0.007927,0.004589,-0.00091,0.001366,-0.000904,0.000427,0.004547,-0.000313,-0.000576,0.003351,0.000156,0.000584,-0.000383,-0.001127,-0.011469,0.000605,-0.001431,0.00025,0.002087,-0.009773,-0.000313,0.001787,-0.016861,0.001877,6e-06,0.000351,-0.001562,0.000967,-0.000126,-0.010956,-0.001833,0.001375,0.010242,0.002796,-0.002869,-0.002007,5.7e-05,6.1e-05,-0.009054,-0.000719,0.035717,0.002594,0.002205,0.000875,0.006084,-0.013046,0.001776,0.003214,-0.000431,0.000395,0.001398,-0.212273,-0.001062,-0.000963,0.002317,0.000208,-0.000982,-0.023697,0.004383,-0.001137,-0.000978,0.000231,0.002262,0.027866,-0.004505,-0.002542,-0.000149,0.000116,2.5e-05,0.005281,-0.002367,-0.001144,-0.001101,0.00078,0.002003,-0.014423,0.001158,0.001364,-0.000532,-0.001383,-0.000666,0.020763,-0.001688,-0.00062,-0.000435,0.000559,0.001455,-0.03722,-0.000416,-0.001221,-0.000299,0.000374,-0.010689,0.004953,0.003883,0.000305,-0.000315,0.001545,0.001122,-0.01465,-0.000383,-0.001877,3.8e-05,-0.000254,0.020386,-0.007425,0.000841,-0.000216,0.001371,0.00141,-0.015924,-0.002239,0.00193,-0.000757,0.001717,-0.000998,-0.00774,-0.00281,0.002815,0.000137,1.1e-05,0.002716,-0.032804,0.004148,6.1e-05,0.000484,-0.000338,5.1e-05,-0.007738,-0.002565,0.000834,-0.000278,0.001259,-2.3e-05,-0.020277,0.001856,0.000355,-0.001459,0.000416,-0.009594,-0.003456,-0.006882,-0.000448,-0.000912,-0.00034,-0.001787,0.002686,-0.003563,0.002378,-3.6e-05,-0.004412,0.00598,0.003075,-0.001019,0.000759,-0.000648,-0.001953,0.004833,-9.3e-05,-0.002037,-4.4e-05,-0.001106,-0.000429,0.008068,-0.002808,0.001116,0.000208,-0.000477,0.000389,0.002619,0.028379,0.001307,0.001984,-0.001669,-0.001379,jalan,tanah_basah,jalan
0.003351,0.000156,0.000584,-0.000383,-0.001127,-0.011469,0.000605,-0.001431,0.00025,0.002087,-0.009773,-0.000313,0.001787,-0.016861,0.001877,6e-06,0.000351,-0.001562,0.000967,-0.000126,-0.010956,-0.001833,0.001375,0.010242,0.002796,-0.002869,-0.002007,5.7e-05,6.1e-05,-0.009054,-0.000719,0.035717,0.002594,0.002205,0.000875,0.006084,-0.013046,0.001776,0.003214,-0.000431,0.000395,0.001398,-0.212273,-0.001062,-0.000963,0.002317,0.000208,-0.000982,-0.023697,0.004383,-0.001137,-0.000978,0.000231,0.002262,0.027866,-0.004505,-0.002542,-0.000149,0.000116,2.5e-05,0.005281,-0.002367,-0.001144,-0.001101,0.00078,0.002003,-0.014423,0.001158,0.001364,-0.000532,-0.001383,-0.000666,0.020763,-0.001688,-0.00062,-0.000435,0.000559,0.001455,-0.03722,-0.000416,-0.001221,-0.000299,0.000374,-0.010689,0.004953,0.003883,0.000305,-0.000315,0.001545,0.001122,-0.01465,-0.000383,-0.001877,3.8e-05,-0.000254,0.020386,-0.007425,0.000841,-0.000216,0.001371,0.00141,-0.015924,-0.002239,0.00193,-0.000757,0.001717,-0.000998,-0.00774,-0.00281,0.002815,0.000137,1.1e-05,0.002716,-0.032804,0.004148,6.1e-05,0.000484,-0.000338,5.1e-05,-0.007738,-0.002565,0.000834,-0.000278,0.001259,-2.3e-05,-0.020277,0.001856,0.000355,-0.001459,0.000416,-0.009594,-0.003456,-0.006882,-0.000448,-0.000912,-0.00034,-0.001787,0.002686,-0.003563,0.002378,-3.6e-05,-0.004412,0.00598,0.003075,-0.001019,0.000759,-0.000648,-0.001953,0.004833,-9.3e-05,-0.002037,-4.4e-05,-0.001106,-0.000429,0.008068,-0.002808,0.001116,0.000208,-0.000477,0.000389,0.002619,0.028379,0.001307,0.001984,-0.001669,-0.001379,-0.007412,-5.9e-05,-0.000601,0.000267,-0.000273,-0.008001,-0.00046,0.021339,0.00193,-9.3e-05,0.000425,-0.002718,0.000498,-0.005314,0.002773,0.000526,-0.002056,-0.004986,0.009424,0.01189,0.001106,-0.000137,0.010769,-0.0107,-0.0182,-0.003904,0.000725,-6e-06,-0.009344,0.004795,0.000443,-0.03503,0.001646,0.000164,-0.011539,-0.003428,-0.018438,0.001316,-0.002436,4.6e-05,0.001354,-0.005545,-0.004782,-0.027363,0.000751,0.000591,0.002943,0.006136,-0.012854,-7.2e-05,0.000368,-0.000521,0.006647,0.00238,-0.012262,5.5e-05,-0.000473,-0.000704,-0.000904,0.000271,0.019156,0.000692,0.001274,-0.001671,0.013952,0.001877,-0.015879,-0.000456,0.000132,-0.000648,0.014101,0.003361,-0.019861,0.003466,-0.000338,-0.000727,0.005188,0.002117,0.00036,0.002161,0.00173,0.000854,-0.001532,0.00177,0.012129,-7.4e-05,-0.000505,-0.000896,0.006493,0.002094,jalan,tanah_basah,jalan
-0.01465,-0.000383,-0.001877,3.8e-05,-0.000254,0.020386,-0.007425,0.000841,-0.000216,0.001371,0.00141,-0.015924,-0.002239,0.00193,-0.000757,0.001717,-0.000998,-0.00774,-0.00281,0.002815,0.000137,1.1e-05,0.002716,-0.032804,0.004148,6.1e-05,0.000484,-0.000338,5.1e-05,-0.007738,-0.002565,0.000834,-0.000278,0.001259,-2.3e-05,-0.020277,0.001856,0.000355,-0.001459,0.000416,-0.009594,-0.003456,-0.006882,-0.000448,-0.000912,-0.00034,-0.001787,0.002686,-0.003563,0.002378,-3.6e-05,-0.004412,0.00598,0.003075,-0.001019,0.000759,-0.000648,-0.001953,0.004833,-9.3e-05,-0.002037,-4.4e-05,-0.001106,-0.000429,0.008068,-0.002808,0.001116,0.000208,-0.000477,0.000389,0.002619,0.028379,0.001307,0.001984,-0.001669,-0.001379,-0.007412,-5.9e-05,-0.000601,0.000267,-0.000273,-0.008001,-0.00046,0.021339,0.00193,-9.3e-05,0.000425,-0.002718,0.000498,-0.005314,0.002773,0.000526,-0.002056,-0.004986,0.009424,0.01189,0.001106,-0.000137,0.010769,-0.0107,-0.0182,-0.003904,0.000725,-6e-06,-0.009344,0.004795,0.000443,-0.03503,0.001646,0.000164,-0.011539,-0.003428,-0.018438,0.001316,-0.002436,4.6e-05,0.001354,-0.005545,-0.004782,-0.027363,0.000751,0.000591,0.002943,0.006136,-0.012854,-7.2e-05,0.000368,-0.000521,0.006647,0.00238,-0.012262,5.5e-05,-0.000473,-0.000704,-0.000904,0.000271,0.019156,0.000692,0.001274,-0.001671,0.013952,0.001877,-0.015879,-0.000456,0.000132,-0.000648,0.014101,0.003361,-0.019861,0.003466,-0.000338,-0.000727,0.005188,0.002117,0.00036,0.002161,0.00173,0.000854,-0.001532,0.00177,0.012129,-7.4e-05,-0.000505,-0.000896,0.006493,0.002094,0.013351,-0.000494,0.002485,0.001055,0.006067,-0.00238,0.012108,0.001894,-0.000359,0.001547,0.002808,0.001112,-0.012161,-0.002439,-0.000473,-0.000986,0.008554,0.002489,-0.008364,-0.001987,-0.001089,0.000332,-0.000454,0.000519,0.026747,-0.007538,0.001665,-0.000505,0.00046,0.001186,0.009764,0.000221,0.001585,-0.000845,0.000147,0.001074,0.091778,-1.1e-05,0.000618,-0.000111,-0.002157,-0.00124,-0.039436,-0.001139,0.003164,-0.001278,0.013382,0.001143,-0.036272,0.001354,-0.000217,-0.00132,-0.00268,-0.010008,0.001356,-0.000839,-0.000189,0.001307,-0.010559,0.00215,0.003572,0.000895,-0.000912,-0.000362,-0.005083,-0.000219,0.025423,-0.000956,-0.000544,0.000938,0.002893,0.001476,0.018356,-0.000202,0.00218,0.00218,-0.004732,-0.007072,0.007359,-0.0028,0.000326,0.000238,0.002331,0.00292,-0.010366,0.002371,0.000292,0.000193,0.000303,0.010599,jalan,tanah_basah,jalan
0.002773,0.000526,-0.002056,-0.004986,0.009424,0.01189,0.001106,-0.000137,0.010769,-0.0107,-0.0182,-0.003904,0.000725,-6e-06,-0.009344,0.004795,0.000443,-0.03503,0.001646,0.000164,-0.011539,-0.003428,-0.018438,0.001316,-0.002436,4.6e-05,0.001354,-0.005545,-0.004782,-0.027363,0.000751,0.000591,0.002943,0.006136,-0.012854,-7.2e-05,0.000368,-0.000521,0.006647,0.00238,-0.012262,5.5e-05,-0.000473,-0.000704,-0.000904,0.000271,0.019156,0.000692,0.001274,-0.001671,0.013952,0.001877,-0.015879,-0.000456,0.000132,-0.000648,0.014101,0.003361,-0.019861,0.003466,-0.000338,-0.000727,0.005188,0.002117,0.00036,0.002161,0.00173,0.000854,-0.001532,0.00177,0.012129,-7.4e-05,-0.000505,-0.000896,0.006493,0.002094,0.013351,-0.000494,0.002485,0.001055,0.006067,-0.00238,0.012108,0.001894,-0.000359,0.001547,0.002808,0.001112,-0.012161,-0.002439,-0.000473,-0.000986,0.008554,0.002489,-0.008364,-0.001987,-0.001089,0.000332,-0.000454,0.000519,0.026747,-0.007538,0.001665,-0.000505,0.00046,0.001186,0.009764,0.000221,0.001585,-0.000845,0.000147,0.001074,0.091778,-1.1e-05,0.000618,-0.000111,-0.002157,-0.00124,-0.039436,-0.001139,0.003164,-0.001278,0.013382,0.001143,-0.036272,0.001354,-0.000217,-0.00132,-0.00268,-0.010008,0.001356,-0.000839,-0.000189,0.001307,-0.010559,0.00215,0.003572,0.000895,-0.000912,-0.000362,-0.005083,-0.000219,0.025423,-0.000956,-0.000544,0.000938,0.002893,0.001476,0.018356,-0.000202,0.00218,0.00218,-0.004732,-0.007072,0.007359,-0.0028,0.000326,0.000238,0.002331,0.00292,-0.010366,0.002371,0.000292,0.000193,0.000303,0.010599,0.006641,0.000313,0.003441,-0.000637,-0.015444,0.000635,-0.015839,-0.011961,0.000187,-0.000664,0.006666,-0.003565,-0.035423,-0.001699,0.000271,6.1e-05,-0.000551,-0.003403,0.003069,-0.000139,-0.000328,-0.001972,0.005524,-0.005287,-0.008053,0.005392,-0.00157,-0.001019,-0.011284,-0.00449,0.01494,0.00176,-0.001072,0.001354,-0.015148,0.007975,-0.001883,-0.000319,-0.000387,0.000145,0.000753,0.003065,0.007732,0.002438,1.9e-05,-1.5e-05,-0.00033,-0.000267,-0.057951,-0.000986,-0.000662,-0.001827,6e-06,0.002718,-0.006741,-0.001598,0.001274,-0.000801,0.000467,4.4e-05,-0.012081,-0.001459,-0.001572,-0.000647,0.003395,-0.005596,-0.009735,0.001535,0.00091,0.002542,-0.000648,0.005957,0.001291,0.01181,0.002949,0.001751,-0.001247,0.011374,0.000851,0.002953,0.001116,0.00209,0.0005,-0.008295,-0.000103,0.000156,0.000174,-0.0007,-0.00079,0.000998,jalan,tanah_basah,jalan
-0.000473,-0.000986,0.008554,0.002489,-0.008364,-0.001987,-0.001089,0.000332,-0.000454,0.000519,0.026747,-0.007538,0.001665,-0.000505,0.00046,0.001186,0.009764,0.000221,0.001585,-0.000845,0.000147,0.001074,0.091778,-1.1e-05,0.000618,-0.000111,-0.002157,-0.00124,-0.039436,-0.001139,0.003164,-0.001278,0.013382,0.001143,-0.036272,0.001354,-0.000217,-0.00132,-0.00268,-0.010008,0.001356,-0.000839,-0.000189,0.001307,-0.010559,0.00215,0.003572,0.000895,-0.000912,-0.000362,-0.005083,-0.000219,0.025423,-0.000956,-0.000544,0.000938,0.002893,0.001476,0.018356,-0.000202,0.00218,0.00218,-0.004732,-0.007072,0.007359,-0.0028,0.000326,0.000238,0.002331,0.00292,-0.010366,0.002371,0.000292,0.000193,0.000303,0.010599,0.006641,0.000313,0.003441,-0.000637,-0.015444,0.000635,-0.015839,-0.011961,0.000187,-0.000664,0.006666,-0.003565,-0.035423,-0.001699,0.000271,6.1e-05,-0.000551,-0.003403,0.003069,-0.000139,-0.000328,-0.001972,0.005524,-0.005287,-0.008053,0.005392,-0.00157,-0.001019,-0.011284,-0.00449,0.01494,0.00176,-0.001072,0.001354,-0.015148,0.007975,-0.001883,-0.000319,-0.000387,0.000145,0.000753,0.003065,0.007732,0.002438,1.9e-05,-1.5e-05,-0.00033,-0.000267,-0.057951,-0.000986,-0.000662,-0.001827,6e-06,0.002718,-0.006741,-0.001598,0.001274,-0.000801,0.000467,4.4e-05,-0.012081,-0.001459,-0.001572,-0.000647,0.003395,-0.005596,-0.009735,0.001535,0.00091,0.002542,-0.000648,0.005957,0.001291,0.01181,0.002949,0.001751,-0.001247,0.011374,0.000851,0.002953,0.001116,0.00209,0.0005,-0.008295,-0.000103,0.000156,0.000174,-0.0007,-0.00079,0.000998,0.000946,0.00186,0.000807,0.001932,0.000618,-0.000587,0.023516,0.005342,-0.000353,0.002121,-0.000237,-0.000814,0.002834,-0.012531,0.000895,0.002085,-4e-06,-0.00098,0.001778,0.004225,0.002514,-0.001596,0.001457,0.007595,0.003933,0.005404,0.007105,-0.00029,-0.000927,-0.004852,-0.003115,0.00275,0.003025,-0.000996,0.001637,0.000561,-0.002525,-0.009226,0.003551,3.6e-05,-0.002293,-0.000114,-0.008379,0.00671,-0.001186,0.001677,-0.000605,0.001154,0.002403,0.015886,0.000811,-8.8e-05,-0.000734,0.001556,-0.007292,0.010832,0.001047,-0.00156,-0.000269,0.000483,-0.004856,-0.002092,-0.0019,0.002636,-0.000305,0.000538,0.022907,-0.001696,-0.006172,0.000116,-0.00049,0.000959,0.0019,-0.003305,0.001923,0.003811,0.000492,-0.000408,-0.005871,-0.001532,0.001553,0.001554,-0.000639,0.000597,0.001228,-0.003819,0.004644,0.002632,0.000896,0.000149,jalan,tanah_basah,jalan
-0.596443,-0.44862,-0.399191,-0.275435,-0.180201,-0.144358,-0.0557,-0.065243,-0.047388,-0.078156,-0.079855,-0.02857,-0.048443,-0.039316,-0.035545,-0.068075,-0.032824,-0.077217,-0.049212,-0.048113,-0.007187,-0.093449,-0.097427,-0.109873,-0.037804,-0.046154,0.016855,0.056274,0.057423,0.149487,0.071363,0.082336,0.09852,0.089062,0.147539,0.161613,0.075129,0.114817,0.040998,0.139875,0.076008,-0.075134,-0.068468,-0.171484,-0.429791,-0.67963,-0.934336,-0.69853,-0.715326,-0.695215,-0.690588,-0.514542,-0.587425,-0.601456,-0.593865,-0.646055,-0.828772,-0.711002,-0.819367,-0.757315,-0.54911,-0.422972,-0.060173,0.03759,0.077536,0.069788,0.168934,0.086258,0.013214,-0.047329,-0.23418,-0.583075,-0.678774,-0.65839,-0.667812,-0.68145,-0.688818,-0.728926,-0.821869,-0.692354,-0.527542,-0.049803,0.054882,0.11915,0.080303,0.034428,-0.021458,-0.623829,-0.67454,-0.763132,-0.575697,-0.680866,-0.797344,-0.827383,-0.42907,0.058792,0.137966,0.074514,-0.033775,-0.325657,-0.722393,-0.632267,-0.60708,-0.753443,-0.862202,-0.778605,-0.175875,0.086372,0.1831,0.059467,-0.094671,-0.811047,-0.696861,-0.609951,-0.702799,-0.842407,-0.112305,0.131601,0.047174,-0.030025,-0.733109,-0.639212,-0.672436,-0.84433,-0.094236,0.105797,0.051083,-0.475208,-0.672943,-0.592289,-0.690039,0.102121,0.087788,-0.382399,-0.735643,-0.731081,-0.556864,0.078611,-0.053495,-0.677715,-0.697729,-0.751177,0.113333,-0.058393,-0.638895,-0.701359,-0.3682,0.103285,-0.585808,-0.614265,-0.706987,0.064194,-0.104799,-0.692162,-0.848099,0.080112,-0.012636,-0.551384,-0.829193,0.118151,-0.223545,-0.670839,-0.554001,0.09519,-0.610991,-0.770479,0.12895,-0.748806,-0.825373,0.129812,-0.72813,-0.637808,0.107536,-0.660256,-0.741907,0.072628,-0.676689,0.061522,-0.608349,-0.762753,0.062094,-0.613543,0.122273,-0.681889,0.087193,-0.80028,0.026354,-0.650066,0.108017,-0.706518,0.100208,-0.742153,0.07703,-0.73958,-0.132179,-1.00174,-0.896048,0.057991,-0.78244,0.155737,-1.080744,-0.591471,0.086037,-0.642769,0.043802,-0.550558,-0.609547,0.095619,-0.811964,-0.776491,-0.032135,-0.563757,-0.718922,-0.066616,-0.444996,-0.585476,-0.035305,-0.44771,-0.713913,0.061846,-0.379803,-0.704582,-0.12826,0.086834,-0.702461,-0.684757,0.102629,-1.031809,-0.69669,0.038649,-0.22871,-0.612968,-0.79048,0.089342,-0.518467,-0.702038,-0.862265,0.113148,-0.556294,-0.741861,-0.650789,0.103064,0.075706,-0.627096,-0.644329,-0.114223,0.129005,-0.748938,-0.674326,-0.696138,0.016428,0.102339,-1.186417,-0.790953,-1.092383,0.042894,diem,tanah_kering,diem
0.000568,-0.000582,-0.000172,-0.000139,-5.3e-05,-0.000248,-0.00012,-0.000511,-7.4e-05,0.000875,0.001471,3.1e-05,-0.000128,-0.000141,-0.000603,-0.000309,-0.000334,0.000347,3.1e-05,-0.000269,-0.000263,-0.000359,-0.000355,-4.6e-05,-0.000761,-0.000988,-0.000551,-0.000134,-0.000856,-0.000265,-0.00029,-0.000317,0.000496,-3.6e-05,-0.000244,-0.000696,0.000481,0.000446,0.000793,-0.000423,0.000366,-0.000135,0.000147,7.2e-05,-0.000675,0.0002,-0.000618,-0.000328,-0.000122,-0.000568,-0.000332,-0.000549,0.000267,-0.000187,-0.000603,-0.00025,0.000288,-0.000393,-0.000116,-0.000208,0.000193,-0.000364,0.000217,-0.000225,4.6e-05,-8.8e-05,-0.000332,-0.000307,-0.00024,-8e-05,-2.5e-05,-0.000402,-0.000349,-0.000204,-5.1e-05,-0.000717,-6.3e-05,8e-05,-0.000566,0.000839,-9.7e-05,-0.000942,5.3e-05,8e-05,0.000214,2.7e-05,-0.000261,-0.000204,0.000286,-0.000467,0.000967,-0.00034,-9.3e-05,0.000397,0.000111,4e-05,-6.9e-05,-0.000563,-0.000219,-0.000746,-0.000139,0.00053,-0.000603,-0.000418,0.000483,-0.000469,-0.000217,-0.000296,-0.000145,-0.000189,-3.2e-05,0.000408,-0.000597,0.000216,-0.000288,-0.000443,0.000669,-0.000429,-0.000137,4.4e-05,-0.000269,-0.000458,-0.000507,-0.000406,-0.000134,0.000284,-0.000177,-0.000126,-0.000444,-0.000225,-0.000214,-2.1e-05,-0.000204,-0.000277,-0.000139,-0.000275,-0.00013,-8.6e-05,-0.000292,-0.000273,0.000164,4.6e-05,-0.00038,0.000511,-0.000166,-0.000378,5.9e-05,-0.000292,0.00028,-0.000328,-0.000376,0.000303,0.00037,-0.000538,-0.000196,-0.000137,-0.000212,-0.000149,-0.000282,-4e-05,-0.000607,-0.000193,-0.000452,0.000355,-0.000217,-7.1e-05,-0.000248,-0.000517,-0.000635,-0.000248,-0.000526,-0.000372,-6.1e-05,-0.00012,-0.000273,-0.000467,-0.000132,0.001112,0.000458,0.000153,-0.000439,-0.000828,-0.000288,-0.000715,-0.00021,-0.000399,0.000889,-0.000658,0.000162,0.001665,-3.4e-05,0.000469,8.4e-05,-0.000441,-7.1e-05,-0.000223,0.000677,0.000519,-8e-06,-0.000168,-0.000473,-0.001139,-5.5e-05,0.001656,-0.000671,-0.000557,0.000402,-0.000164,0.000101,-0.000372,-0.00057,-0.000389,-0.000637,-0.000229,-0.000679,-0.000626,-0.000362,1.5e-05,0.001019,-0.000837,-2.3e-05,-0.00079,-0.001202,-0.001173,-0.000708,3.6e-05,7.6e-05,-0.000389,0.000153,-0.000704,-0.000832,-0.000265,-0.000208,0.000259,-0.00041,-0.000143,-0.000156,-8e-05,-0.000469,-0.001238,-0.000271,-0.000168,-0.000286,-0.000387,-0.0005,-0.00038,-0.001234,-0.000986,-0.000515,0.000172,0.000141,7.8e-05,0.000549,-9.9e-05,-0.000921,-0.000631,diem,tanah_kering,diem
0.000967,-0.00034,-9.3e-05,0.000397,0.000111,4e-05,-6.9e-05,-0.000563,-0.000219,-0.000746,-0.000139,0.00053,-0.000603,-0.000418,0.000483,-0.000469,-0.000217,-0.000296,-0.000145,-0.000189,-3.2e-05,0.000408,-0.000597,0.000216,-0.000288,-0.000443,0.000669,-0.000429,-0.000137,4.4e-05,-0.000269,-0.000458,-0.000507,-0.000406,-0.000134,0.000284,-0.000177,-0.000126,-0.000444,-0.000225,-0.000214,-2.1e-05,-0.000204,-0.000277,-0.000139,-0.000275,-0.00013,-8.6e-05,-0.000292,-0.000273,0.000164,4.6e-05,-0.00038,0.000511,-0.000166,-0.000378,5.9e-05,-0.000292,0.00028,-0.000328,-0.000376,0.000303,0.00037,-0.000538,-0.000196,-0.000137,-0.000212,-0.000149,-0.000282,-4e-05,-0.000607,-0.000193,-0.000452,0.000355,-0.000217,-7.1e-05,-0.000248,-0.000517,-0.000635,-0.000248,-0.000526,-0.000372,-6.1e-05,-0.00012,-0.000273,-0.000467,-0.000132,0.001112,0.000458,0.000153,-0.000439,-0.000828,-0.000288,-0.000715,-0.00021,-0.000399,0.000889,-0.000658,0.000162,0.001665,-3.4e-05,0.000469,8.4e-05,-0.000441,-7.1e-05,-0.000223,0.000677,0.000519,-8e-06,-0.000168,-0.000473,-0.001139,-5.5e-05,0.001656,-0.000671,-0.000557,0.000402,-0.000164,0.000101,-0.000372,-0.00057,-0.000389,-0.000637,-0.000229,-0.000679,-0.000626,-0.000362,1.5e-05,0.001019,-0.000837,-2.3e-05,-0.00079,-0.001202,-0.001173,-0.000708,3.6e-05,7.6e-05,-0.000389,0.000153,-0.000704,-0.000832,-0.000265,-0.000208,0.000259,-0.00041,-0.000143,-0.000156,-8e-05,-0.000469,-0.001238,-0.000271,-0.000168,-0.000286,-0.000387,-0.0005,-0.00038,-0.001234,-0.000986,-0.000515,0.000172,0.000141,7.8e-05,0.000549,-9.9e-05,-0.000921,-0.000631,0.002249,0.000168,0.000244,-0.000107,-0.000792,-0.000124,-0.000284,-0.00013,-0.000296,0.000278,-0.000204,-0.000103,-0.000835,5e-05,0.000252,-0.00032,0.001129,-0.000563,-0.000492,-0.000301,-0.000143,0.00032,0.000347,-0.00036,0.001341,0.000954,0.00013,-0.000204,0.001806,0.002422,-0.00065,-0.003063,-0.000538,-0.000313,7.6e-05,0.000187,5e-05,3.4e-05,9e-05,-0.000513,0.000357,-0.000572,-0.000261,-0.000332,-0.000206,-0.000641,-0.000839,-0.000162,-0.0005,-0.000204,-0.000149,-0.000116,0.000219,0.002031,0.000278,0.000298,6.7e-05,-0.000587,-0.000267,-0.00074,0.000107,-2.1e-05,-0.000374,-0.000515,-0.00054,0.000702,-4.4e-05,-0.000244,-0.000784,-0.000385,0.000463,0.000954,-0.000656,0.000256,0.000731,-0.000893,-0.000736,-0.000174,-0.000233,-0.000471,-0.000175,-0.000544,6.1e-05,5.1e-05,-0.000372,-0.000736,3.6e-05,-1.9e-05,-0.000332,-0.000681,diem,tanah_kering,diem
-0.000439,-0.000828,-0.000288,-0.000715,-0.00021,-0.000399,0.000889,-0.000658,0.000162,0.001665,-3.4e-05,0.000469,8.4e-05,-0.000441,-7.1e-05,-0.000223,0.000677,0.000519,-8e-06,-0.000168,-0.000473,-0.001139,-5.5e-05,0.001656,-0.000671,-0.000557,0.000402,-0.000164,0.000101,-0.000372,-0.00057,-0.000389,-0.000637,-0.000229,-0.000679,-0.000626,-0.000362,1.5e-05,0.001019,-0.000837,-2.3e-05,-0.00079,-0.001202,-0.001173,-0.000708,3.6e-05,7.6e-05,-0.000389,0.000153,-0.000704,-0.000832,-0.000265,-0.000208,0.000259,-0.00041,-0.000143,-0.000156,-8e-05,-0.000469,-0.001238,-0.000271,-0.000168,-0.000286,-0.000387,-0.0005,-0.00038,-0.001234,-0.000986,-0.000515,0.000172,0.000141,7.8e-05,0.000549,-9.9e-05,-0.000921,-0.000631,0.002249,0.000168,0.000244,-0.000107,-0.000792,-0.000124,-0.000284,-0.00013,-0.000296,0.000278,-0.000204,-0.000103,-0.000835,5e-05,0.000252,-0.00032,0.001129,-0.000563,-0.000492,-0.000301,-0.000143,0.00032,0.000347,-0.00036,0.001341,0.000954,0.00013,-0.000204,0.001806,0.002422,-0.00065,-0.003063,-0.000538,-0.000313,7.6e-05,0.000187,5e-05,3.4e-05,9e-05,-0.000513,0.000357,-0.000572,-0.000261,-0.000332,-0.000206,-0.000641,-0.000839,-0.000162,-0.0005,-0.000204,-0.000149,-0.000116,0.000219,0.002031,0.000278,0.000298,6.7e-05,-0.000587,-0.000267,-0.00074,0.000107,-2.1e-05,-0.000374,-0.000515,-0.00054,0.000702,-4.4e-05,-0.000244,-0.000784,-0.000385,0.000463,0.000954,-0.000656,0.000256,0.000731,-0.000893,-0.000736,-0.000174,-0.000233,-0.000471,-0.000175,-0.000544,6.1e-05,5.1e-05,-0.000372,-0.000736,3.6e-05,-1.9e-05,-0.000332,-0.000681,-0.000387,0.000141,-6e-06,0.000441,0.0002,-5.7e-05,-0.000269,-0.000996,-0.000782,-0.000486,-0.000525,-0.000145,-0.000284,-1e-05,-0.000315,-8e-05,-0.001383,-0.000587,8.6e-05,-0.000748,0.000631,0.000694,-0.000221,-0.000639,-0.001328,-0.00038,-2.1e-05,0.001087,2.5e-05,0.001123,0.000788,-0.000154,-0.001284,6e-06,2.3e-05,0.001057,0.001326,-0.000603,0.000523,0.000223,0.001345,-0.000364,0.000299,5.5e-05,0.001717,0.000364,0.000364,0.000828,-0.000397,0.000521,0.000286,-0.00078,-0.000101,-0.000917,-0.000633,0.000101,-0.000591,0.001303,0.000362,-0.001066,-0.000656,-0.000792,0.00038,-0.00033,0.000971,0.000969,-0.000277,-0.000538,9.7e-05,-2.3e-05,0.000275,-0.000751,-2.5e-05,0.000336,0.000153,-0.000479,-0.000284,-0.000635,0.001308,-0.000204,4e-06,-0.000368,-0.00149,-0.000124,-0.000835,-0.001062,4.4e-05,0.000185,-0.000246,-0.000561,diem,tanah_kering,diem
0.000252,-0.00032,0.001129,-0.000563,-0.000492,-0.000301,-0.000143,0.00032,0.000347,-0.00036,0.001341,0.000954,0.00013,-0.000204,0.001806,0.002422,-0.00065,-0.003063,-0.000538,-0.000313,7.6e-05,0.000187,5e-05,3.4e-05,9e-05,-0.000513,0.000357,-0.000572,-0.000261,-0.000332,-0.000206,-0.000641,-0.000839,-0.000162,-0.0005,-0.000204,-0.000149,-0.000116,0.000219,0.002031,0.000278,0.000298,6.7e-05,-0.000587,-0.000267,-0.00074,0.000107,-2.1e-05,-0.000374,-0.000515,-0.00054,0.000702,-4.4e-05,-0.000244,-0.000784,-0.000385,0.000463,0.000954,-0.000656,0.000256,0.000731,-0.000893,-0.000736,-0.000174,-0.000233,-0.000471,-0.000175,-0.000544,6.1e-05,5.1e-05,-0.000372,-0.000736,3.6e-05,-1.9e-05,-0.000332,-0.000681,-0.000387,0.000141,-6e-06,0.000441,0.0002,-5.7e-05,-0.000269,-0.000996,-0.000782,-0.000486,-0.000525,-0.000145,-0.000284,-1e-05,-0.000315,-8e-05,-0.001383,-0.000587,8.6e-05,-0.000748,0.000631,0.000694,-0.000221,-0.000639,-0.001328,-0.00038,-2.1e-05,0.001087,2.5e-05,0.001123,0.000788,-0.000154,-0.001284,6e-06,2.3e-05,0.001057,0.001326,-0.000603,0.000523,0.000223,0.001345,-0.000364,0.000299,5.5e-05,0.001717,0.000364,0.000364,0.000828,-0.000397,0.000521,0.000286,-0.00078,-0.000101,-0.000917,-0.000633,0.000101,-0.000591,0.001303,0.000362,-0.001066,-0.000656,-0.000792,0.00038,-0.00033,0.000971,0.000969,-0.000277,-0.000538,9.7e-05,-2.3e-05,0.000275,-0.000751,-2.5e-05,0.000336,0.000153,-0.000479,-0.000284,-0.000635,0.001308,-0.000204,4e-06,-0.000368,-0.00149,-0.000124,-0.000835,-0.001062,4.4e-05,0.000185,-0.000246,-0.000561,-0.000727,0.00132,-0.000134,-0.000399,-0.00066,-4.6e-05,-0.000507,-0.000914,6.3e-05,-0.00029,-0.000809,-0.000914,-0.00032,-0.000416,-0.000793,-0.00058,-0.00071,-7.4e-05,0.000843,-0.000433,-0.001795,0.001036,0.000875,-0.001291,-0.00066,0.000685,0.00045,0.000547,0.000271,-0.000933,1e-05,-0.000246,-0.000444,-0.00066,-0.000696,-0.000132,0.000212,-0.000227,0.000605,3.1e-05,-0.0007,-0.001173,-9.5e-05,-0.000561,-0.001347,-0.001539,0.001146,0.002262,0.00032,-0.000675,0.00021,0.000269,0.000732,-0.001699,-0.00024,-0.000982,-0.00087,-0.000504,-0.000284,-0.000299,-0.000263,-0.000305,-7.2e-05,-0.000393,-0.000179,0.000151,-7.4e-05,0.000586,-0.000124,0.000322,0.000357,-0.000391,-0.000198,-0.000643,0.000322,-0.001226,-0.00016,-7.2e-05,4e-05,-0.000212,-0.000738,-0.000769,-0.000523,-0.000948,-0.000467,0.000481,3.6e-05,0.00106,-0.001228,0.002735,diem,tanah_kering,diem
-0.000315,-8e-05,-0.001383,-0.000587,8.6e-05,-0.000748,0.000631,0.000694,-0.000221,-0.000639,-0.001328,-0.00038,-2.1e-05,0.001087,2.5e-05,0.001123,0.000788,-0.000154,-0.001284,6e-06,2.3e-05,0.001057,0.001326,-0.000603,0.000523,0.000223,0.001345,-0.000364,0.000299,5.5e-05,0.001717,0.000364,0.000364,0.000828,-0.000397,0.000521,0.000286,-0.00078,-0.000101,-0.000917,-0.000633,0.000101,-0.000591,0.001303,0.000362,-0.001066,-0.000656,-0.000792,0.00038,-0.00033,0.000971,0.000969,-0.000277,-0.000538,9.7e-05,-2.3e-05,0.000275,-0.000751,-2.5e-05,0.000336,0.000153,-0.000479,-0.000284,-0.000635,0.001308,-0.000204,4e-06,-0.000368,-0.00149,-0.000124,-0.000835,-0.001062,4.4e-05,0.000185,-0.000246,-0.000561,-0.000727,0.00132,-0.000134,-0.000399,-0.00066,-4.6e-05,-0.000507,-0.000914,6.3e-05,-0.00029,-0.000809,-0.000914,-0.00032,-0.000416,-0.000793,-0.00058,-0.00071,-7.4e-05,0.000843,-0.000433,-0.001795,0.001036,0.000875,-0.001291,-0.00066,0.000685,0.00045,0.000547,0.000271,-0.000933,1e-05,-0.000246,-0.000444,-0.00066,-0.000696,-0.000132,0.000212,-0.000227,0.000605,3.1e-05,-0.0007,-0.001173,-9.5e-05,-0.000561,-0.001347,-0.001539,0.001146,0.002262,0.00032,-0.000675,0.00021,0.000269,0.000732,-0.001699,-0.00024,-0.000982,-0.00087,-0.000504,-0.000284,-0.000299,-0.000263,-0.000305,-7.2e-05,-0.000393,-0.000179,0.000151,-7.4e-05,0.000586,-0.000124,0.000322,0.000357,-0.000391,-0.000198,-0.000643,0.000322,-0.001226,-0.00016,-7.2e-05,4e-05,-0.000212,-0.000738,-0.000769,-0.000523,-0.000948,-0.000467,0.000481,3.6e-05,0.00106,-0.001228,0.002735,-0.001715,0.00038,0.000261,-0.000767,-6.9e-05,-0.000313,-0.000111,0.000278,-0.000751,-0.000853,-2.9e-05,-0.000195,0.000111,1.9e-05,-0.000526,0.000578,-0.000542,0.000275,-0.000969,0.000303,-0.000135,-0.000437,0.000111,-0.00069,-0.000755,-0.000242,0.000179,-8.4e-05,-0.000656,6.9e-05,-0.00071,0.000221,0.00037,-0.000759,-0.000662,-0.001574,-0.000498,-0.000334,0.000679,-0.000179,0.000391,0.00145,-0.000786,-0.000145,-0.000561,-0.00099,-0.000784,0.00034,-9.2e-05,-0.001108,0.001007,0.000204,0.002113,0.000469,-0.000751,-0.000223,0.002831,-0.0009,-0.000305,-0.000402,0.000189,-4e-06,0.000259,-0.000355,-0.000154,-0.00025,0.000677,0.000765,-2.9e-05,8e-05,-0.000517,0.000486,-0.000477,-0.000341,-0.000494,-0.000395,-0.000284,0.000288,-8.2e-05,-0.00069,-0.000319,0.001219,-0.000134,-0.000525,5.9e-05,7.2e-05,-0.00074,0.000116,-0.000534,-0.000238,diem,tanah_kering,diem
-0.000793,-0.00058,-0.00071,-7.4e-05,0.000843,-0.000433,-0.001795,0.001036,0.000875,-0.001291,-0.00066,0.000685,0.00045,0.000547,0.000271,-0.000933,1e-05,-0.000246,-0.000444,-0.00066,-0.000696,-0.000132,0.000212,-0.000227,0.000605,3.1e-05,-0.0007,-0.001173,-9.5e-05,-0.000561,-0.001347,-0.001539,0.001146,0.002262,0.00032,-0.000675,0.00021,0.000269,0.000732,-0.001699,-0.00024,-0.000982,-0.00087,-0.000504,-0.000284,-0.000299,-0.000263,-0.000305,-7.2e-05,-0.000393,-0.000179,0.000151,-7.4e-05,0.000586,-0.000124,0.000322,0.000357,-0.000391,-0.000198,-0.000643,0.000322,-0.001226,-0.00016,-7.2e-05,4e-05,-0.000212,-0.000738,-0.000769,-0.000523,-0.000948,-0.000467,0.000481,3.6e-05,0.00106,-0.001228,0.002735,-0.001715,0.00038,0.000261,-0.000767,-6.9e-05,-0.000313,-0.000111,0.000278,-0.000751,-0.000853,-2.9e-05,-0.000195,0.000111,1.9e-05,-0.000526,0.000578,-0.000542,0.000275,-0.000969,0.000303,-0.000135,-0.000437,0.000111,-0.00069,-0.000755,-0.000242,0.000179,-8.4e-05,-0.000656,6.9e-05,-0.00071,0.000221,0.00037,-0.000759,-0.000662,-0.001574,-0.000498,-0.000334,0.000679,-0.000179,0.000391,0.00145,-0.000786,-0.000145,-0.000561,-0.00099,-0.000784,0.00034,-9.2e-05,-0.001108,0.001007,0.000204,0.002113,0.000469,-0.000751,-0.000223,0.002831,-0.0009,-0.000305,-0.000402,0.000189,-4e-06,0.000259,-0.000355,-0.000154,-0.00025,0.000677,0.000765,-2.9e-05,8e-05,-0.000517,0.000486,-0.000477,-0.000341,-0.000494,-0.000395,-0.000284,0.000288,-8.2e-05,-0.00069,-0.000319,0.001219,-0.000134,-0.000525,5.9e-05,7.2e-05,-0.00074,0.000116,-0.000534,-0.000238,-4.4e-05,0.000227,-5.1e-05,-0.000603,-0.000179,0.000589,0.000395,-0.00061,-0.000332,-0.000105,-4e-06,-0.000788,1.1e-05,9.5e-05,0.00017,0.000971,0.000427,0.001902,0.000957,-0.001184,-0.000664,-0.00058,0.00012,0.000252,-0.00094,-0.000296,-0.00021,-0.000134,-2.1e-05,-0.000286,-0.000252,-0.000786,-0.000654,-0.000429,4.4e-05,0.000254,2e-06,-8.2e-05,-0.000263,-0.000132,-0.00016,0.000223,-0.000198,-0.000221,1.7e-05,0.001318,0.000158,0.000105,-0.000195,-0.000101,-0.000298,-0.000206,-0.000467,-0.000387,-0.000175,-0.000908,0.000338,-0.000132,0.000433,9e-05,-0.00025,-0.000492,0.000191,-9.2e-05,-0.000315,-0.000532,0.000114,-1.7e-05,0.000151,-0.000118,-0.000204,-0.000669,-0.000664,-0.000286,-0.000368,0.000515,-0.000257,0.000305,-0.000257,-0.000151,-0.000189,-0.000359,8e-06,-7.1e-05,-0.000347,-0.000122,-0.000422,-0.000345,-0.000345,-4.4e-05,diem,tanah_kering,diem
-0.000526,0.000578,-0.000542,0.000275,-0.000969,0.000303,-0.000135,-0.000437,0.000111,-0.00069,-0.000755,-0.000242,0.000179,-8.4e-05,-0.000656,6.9e-05,-0.00071,0.000221,0.00037,-0.000759,-0.000662,-0.001574,-0.000498,-0.000334,0.000679,-0.000179,0.000391,0.00145,-0.000786,-0.000145,-0.000561,-0.00099,-0.000784,0.00034,-9.2e-05,-0.001108,0.001007,0.000204,0.002113,0.000469,-0.000751,-0.000223,0.002831,-0.0009,-0.000305,-0.000402,0.000189,-4e-06,0.000259,-0.000355,-0.000154,-0.00025,0.000677,0.000765,-2.9e-05,8e-05,-0.000517,0.000486,-0.000477,-0.000341,-0.000494,-0.000395,-0.000284,0.000288,-8.2e-05,-0.00069,-0.000319,0.001219,-0.000134,-0.000525,5.9e-05,7.2e-05,-0.00074,0.000116,-0.000534,-0.000238,-4.4e-05,0.000227,-5.1e-05,-0.000603,-0.000179,0.000589,0.000395,-0.00061,-0.000332,-0.000105,-4e-06,-0.000788,1.1e-05,9.5e-05,0.00017,0.000971,0.000427,0.001902,0.000957,-0.001184,-0.000664,-0.00058,0.00012,0.000252,-0.00094,-0.000296,-0.00021,-0.000134,-2.1e-05,-0.000286,-0.000252,-0.000786,-0.000654,-0.000429,4.4e-05,0.000254,2e-06,-8.2e-05,-0.000263,-0.000132,-0.00016,0.000223,-0.000198,-0.000221,1.7e-05,0.001318,0.000158,0.000105,-0.000195,-0.000101,-0.000298,-0.000206,-0.000467,-0.000387,-0.000175,-0.000908,0.000338,-0.000132,0.000433,9e-05,-0.00025,-0.000492,0.000191,-9.2e-05,-0.000315,-0.000532,0.000114,-1.7e-05,0.000151,-0.000118,-0.000204,-0.000669,-0.000664,-0.000286,-0.000368,0.000515,-0.000257,0.000305,-0.000257,-0.000151,-0.000189,-0.000359,8e-06,-7.1e-05,-0.000347,-0.000122,-0.000422,-0.000345,-0.000345,-4.4e-05,0.000149,-0.000416,-0.000443,-0.000311,0.000191,-0.000561,-0.000624,1.7e-05,-0.000534,-0.000702,6e-06,0.000103,-0.000214,-0.00012,-0.000282,-0.000107,0.000261,-0.000269,-0.000126,-0.000113,-0.000181,-0.000254,-1.9e-05,0.000143,-0.000118,-0.000162,0.000435,6.9e-05,-0.000351,-8.4e-05,0.000147,0.001007,-5.9e-05,0.00029,0.000229,-0.000216,-0.000217,-6.5e-05,-2.1e-05,0.000252,-0.000124,-0.000235,0.000252,-0.000216,-0.00045,-0.000395,0.000292,-0.000544,-1.7e-05,-0.000526,-0.000553,-4.6e-05,2.5e-05,-0.000164,0.001623,0.002422,0.001371,0.001297,0.002728,-0.000317,1.5e-05,-0.000763,-0.002365,2e-06,-0.000546,-0.000263,-0.000126,-0.000187,-0.000238,-0.000391,-0.000168,-0.000431,-0.00013,-0.000469,-0.000372,0.000362,-8e-05,-0.000111,0.000109,0.000246,-0.000299,-0.000166,-0.000343,-0.000532,5.5e-05,-0.000471,-0.000395,3.2e-05,-0.00053,-0.000587,diem,tanah_kering,diem
0.00017,0.000971,0.000427,0.001902,0.000957,-0.001184,-0.000664,-0.00058,0.00012,0.000252,-0.00094,-0.000296,-0.00021,-0.000134,-2.1e-05,-0.000286,-0.000252,-0.000786,-0.000654,-0.000429,4.4e-05,0.000254,2e-06,-8.2e-05,-0.000263,-0.000132,-0.00016,0.000223,-0.000198,-0.000221,1.7e-05,0.001318,0.000158,0.000105,-0.000195,-0.000101,-0.000298,-0.000206,-0.000467,-0.000387,-0.000175,-0.000908,0.000338,-0.000132,0.000433,9e-05,-0.00025,-0.000492,0.000191,-9.2e-05,-0.000315,-0.000532,0.000114,-1.7e-05,0.000151,-0.000118,-0.000204,-0.000669,-0.000664,-0.000286,-0.000368,0.000515,-0.000257,0.000305,-0.000257,-0.000151,-0.000189,-0.000359,8e-06,-7.1e-05,-0.000347,-0.000122,-0.000422,-0.000345,-0.000345,-4.4e-05,0.000149,-0.000416,-0.000443,-0.000311,0.000191,-0.000561,-0.000624,1.7e-05,-0.000534,-0.000702,6e-06,0.000103,-0.000214,-0.00012,-0.000282,-0.000107,0.000261,-0.000269,-0.000126,-0.000113,-0.000181,-0.000254,-1.9e-05,0.000143,-0.000118,-0.000162,0.000435,6.9e-05,-0.000351,-8.4e-05,0.000147,0.001007,-5.9e-05,0.00029,0.000229,-0.000216,-0.000217,-6.5e-05,-2.1e-05,0.000252,-0.000124,-0.000235,0.000252,-0.000216,-0.00045,-0.000395,0.000292,-0.000544,-1.7e-05,-0.000526,-0.000553,-4.6e-05,2.5e-05,-0.000164,0.001623,0.002422,0.001371,0.001297,0.002728,-0.000317,1.5e-05,-0.000763,-0.002365,2e-06,-0.000546,-0.000263,-0.000126,-0.000187,-0.000238,-0.000391,-0.000168,-0.000431,-0.00013,-0.000469,-0.000372,0.000362,-8e-05,-0.000111,0.000109,0.000246,-0.000299,-0.000166,-0.000343,-0.000532,5.5e-05,-0.000471,-0.000395,3.2e-05,-0.00053,-0.000587,-0.000605,0.000347,0.000217,-0.000696,-0.001389,-0.000729,-0.000374,-0.000416,8e-06,0.0002,1.1e-05,-0.000238,0.000496,-0.000858,-0.000723,0.000576,-0.000195,0.000195,-0.000755,-0.000982,-0.000265,-1.9e-05,4e-06,-0.000225,-0.000322,0.000114,-0.000416,-0.00046,-0.000584,-0.000181,6.7e-05,-0.000153,7.2e-05,-0.000219,-0.000597,0.000317,-1.7e-05,-2.1e-05,-0.000238,-0.000546,-0.000319,-0.00042,0.000322,-2.5e-05,-5e-05,-3.4e-05,-0.000595,6.3e-05,-0.000383,-0.000278,-0.000317,-0.000193,0.000628,-0.000124,0.000175,-1e-05,-0.000883,0.000111,5.3e-05,0.000168,0.001289,-0.000193,-0.000929,0.000418,-0.000376,0.000227,0.000914,0.000946,-0.000189,-9.7e-05,-0.000425,-0.000126,-0.000168,-8.4e-05,-0.000538,-0.000513,8e-06,-0.000114,-0.000233,0.000271,0.000175,-0.000349,1.1e-05,-0.000303,0.000429,-0.000362,-4.8e-05,0.000137,0.000689,-0.000269,diem,tanah_kering,diem
-0.000282,-0.000107,0.000261,-0.000269,-0.000126,-0.000113,-0.000181,-0.000254,-1.9e-05,0.000143,-0.000118,-0.000162,0.000435,6.9e-05,-0.000351,-8.4e-05,0.000147,0.001007,-5.9e-05,0.00029,0.000229,-0.000216,-0.000217,-6.5e-05,-2.1e-05,0.000252,-0.000124,-0.000235,0.000252,-0.000216,-0.00045,-0.000395,0.000292,-0.000544,-1.7e-05,-0.000526,-0.000553,-4.6e-05,2.5e-05,-0.000164,0.001623,0.002422,0.001371,0.001297,0.002728,-0.000317,1.5e-05,-0.000763,-0.002365,2e-06,-0.000546,-0.000263,-0.000126,-0.000187,-0.000238,-0.000391,-0.000168,-0.000431,-0.00013,-0.000469,-0.000372,0.000362,-8e-05,-0.000111,0.000109,0.000246,-0.000299,-0.000166,-0.000343,-0.000532,5.5e-05,-0.000471,-0.000395,3.2e-05,-0.00053,-0.000587,-0.000605,0.000347,0.000217,-0.000696,-0.001389,-0.000729,-0.000374,-0.000416,8e-06,0.0002,1.1e-05,-0.000238,0.000496,-0.000858,-0.000723,0.000576,-0.000195,0.000195,-0.000755,-0.000982,-0.000265,-1.9e-05,4e-06,-0.000225,-0.000322,0.000114,-0.000416,-0.00046,-0.000584,-0.000181,6.7e-05,-0.000153,7.2e-05,-0.000219,-0.000597,0.000317,-1.7e-05,-2.1e-05,-0.000238,-0.000546,-0.000319,-0.00042,0.000322,-2.5e-05,-5e-05,-3.4e-05,-0.000595,6.3e-05,-0.000383,-0.000278,-0.000317,-0.000193,0.000628,-0.000124,0.000175,-1e-05,-0.000883,0.000111,5.3e-05,0.000168,0.001289,-0.000193,-0.000929,0.000418,-0.000376,0.000227,0.000914,0.000946,-0.000189,-9.7e-05,-0.000425,-0.000126,-0.000168,-8.4e-05,-0.000538,-0.000513,8e-06,-0.000114,-0.000233,0.000271,0.000175,-0.000349,1.1e-05,-0.000303,0.000429,-0.000362,-4.8e-05,0.000137,0.000689,-0.000269,0.000179,5.9e-05,-0.000376,0.000338,0.000395,0.000319,-0.001196,0.000818,-0.000633,-0.000725,4e-05,0.000351,-0.000185,-0.000103,-0.000715,0.000231,0.00021,-9e-05,-0.000488,0.00075,0.001606,-0.000202,-0.000137,-0.00115,0.000732,0.000128,-0.000166,-0.000456,-0.000561,-0.000498,0.001057,-0.000917,0.000742,-0.000183,0.000669,0.000347,0.000311,-0.000124,0.000822,3.2e-05,-0.000786,2.9e-05,-0.000143,0.001028,5.1e-05,-0.000591,-0.000807,-0.000347,-0.000294,-0.000696,-0.000748,-0.00065,-0.000383,-0.000301,-0.000809,-0.000208,-0.000387,0.000586,-0.002529,-0.001736,-0.001982,-0.000654,-0.000301,0.001028,-0.001499,-0.000265,0.000177,-0.000334,0.00017,0.003771,0.00111,0.000227,8.2e-05,0.003407,0.003689,-0.001099,0.001801,-0.003281,-0.00013,0.00091,-0.002842,0.000509,0.000353,-0.000534,-0.00098,-0.001959,-0.001554,0.001503,-0.000769,4e-05,diem,tanah_kering,diem
-0.000723,0.000576,-0.000195,0.000195,-0.000755,-0.000982,-0.000265,-1.9e-05,4e-06,-0.000225,-0.000322,0.000114,-0.000416,-0.00046,-0.000584,-0.000181,6.7e-05,-0.000153,7.2e-05,-0.000219,-0.000597,0.000317,-1.7e-05,-2.1e-05,-0.000238,-0.000546,-0.000319,-0.00042,0.000322,-2.5e-05,-5e-05,-3.4e-05,-0.000595,6.3e-05,-0.000383,-0.000278,-0.000317,-0.000193,0.000628,-0.000124,0.000175,-1e-05,-0.000883,0.000111,5.3e-05,0.000168,0.001289,-0.000193,-0.000929,0.000418,-0.000376,0.000227,0.000914,0.000946,-0.000189,-9.7e-05,-0.000425,-0.000126,-0.000168,-8.4e-05,-0.000538,-0.000513,8e-06,-0.000114,-0.000233,0.000271,0.000175,-0.000349,1.1e-05,-0.000303,0.000429,-0.000362,-4.8e-05,0.000137,0.000689,-0.000269,0.000179,5.9e-05,-0.000376,0.000338,0.000395,0.000319,-0.001196,0.000818,-0.000633,-0.000725,4e-05,0.000351,-0.000185,-0.000103,-0.000715,0.000231,0.00021,-9e-05,-0.000488,0.00075,0.001606,-0.000202,-0.000137,-0.00115,0.000732,0.000128,-0.000166,-0.000456,-0.000561,-0.000498,0.001057,-0.000917,0.000742,-0.000183,0.000669,0.000347,0.000311,-0.000124,0.000822,3.2e-05,-0.000786,2.9e-05,-0.000143,0.001028,5.1e-05,-0.000591,-0.000807,-0.000347,-0.000294,-0.000696,-0.000748,-0.00065,-0.000383,-0.000301,-0.000809,-0.000208,-0.000387,0.000586,-0.002529,-0.001736,-0.001982,-0.000654,-0.000301,0.001028,-0.001499,-0.000265,0.000177,-0.000334,0.00017,0.003771,0.00111,0.000227,8.2e-05,0.003407,0.003689,-0.001099,0.001801,-0.003281,-0.00013,0.00091,-0.002842,0.000509,0.000353,-0.000534,-0.00098,-0.001959,-0.001554,0.001503,-0.000769,4e-05,-0.000317,-0.001562,0.001183,0.000717,-0.000324,-0.000288,-0.000128,0.001623,0.003239,0.00029,-0.000317,0.000971,-0.001513,0.000597,-0.000145,-0.0005,-0.001175,-0.000319,0.00049,-0.000423,-0.000811,-0.000296,-8.6e-05,-0.000273,-0.000101,0.00079,-0.001921,-0.00028,0.001619,0.002043,0.00116,5.3e-05,-0.000841,-0.000141,-0.000439,0.000467,-0.000301,5.7e-05,-2.7e-05,4e-05,-0.001566,-0.000328,-0.001055,-0.000307,-3.4e-05,-0.000523,0.00071,-0.000305,-0.000942,0.000427,-0.000324,-0.000744,0.000235,0.000277,0.001076,-0.000282,0.000347,9e-05,1.1e-05,-0.000158,-0.000607,-0.00086,-0.000723,0.000349,-0.000887,0.000166,8.2e-05,0.000336,-0.000532,0.002979,-0.000277,0.000286,0.000368,-0.000122,-0.00071,-0.000168,-0.000816,-4e-06,-0.001093,-0.000301,-0.000284,0.000118,-0.001329,0.000309,-0.000544,0.00062,0.000254,0.001335,-0.000134,-5e-05,diem,tanah_kering,diem
-0.000715,0.000231,0.00021,-9e-05,-0.000488,0.00075,0.001606,-0.000202,-0.000137,-0.00115,0.000732,0.000128,-0.000166,-0.000456,-0.000561,-0.000498,0.001057,-0.000917,0.000742,-0.000183,0.000669,0.000347,0.000311,-0.000124,0.000822,3.2e-05,-0.000786,2.9e-05,-0.000143,0.001028,5.1e-05,-0.000591,-0.000807,-0.000347,-0.000294,-0.000696,-0.000748,-0.00065,-0.000383,-0.000301,-0.000809,-0.000208,-0.000387,0.000586,-0.002529,-0.001736,-0.001982,-0.000654,-0.000301,0.001028,-0.001499,-0.000265,0.000177,-0.000334,0.00017,0.003771,0.00111,0.000227,8.2e-05,0.003407,0.003689,-0.001099,0.001801,-0.003281,-0.00013,0.00091,-0.002842,0.000509,0.000353,-0.000534,-0.00098,-0.001959,-0.001554,0.001503,-0.000769,4e-05,-0.000317,-0.001562,0.001183,0.000717,-0.000324,-0.000288,-0.000128,0.001623,0.003239,0.00029,-0.000317,0.000971,-0.001513,0.000597,-0.000145,-0.0005,-0.001175,-0.000319,0.00049,-0.000423,-0.000811,-0.000296,-8.6e-05,-0.000273,-0.000101,0.00079,-0.001921,-0.00028,0.001619,0.002043,0.00116,5.3e-05,-0.000841,-0.000141,-0.000439,0.000467,-0.000301,5.7e-05,-2.7e-05,4e-05,-0.001566,-0.000328,-0.001055,-0.000307,-3.4e-05,-0.000523,0.00071,-0.000305,-0.000942,0.000427,-0.000324,-0.000744,0.000235,0.000277,0.001076,-0.000282,0.000347,9e-05,1.1e-05,-0.000158,-0.000607,-0.00086,-0.000723,0.000349,-0.000887,0.000166,8.2e-05,0.000336,-0.000532,0.002979,-0.000277,0.000286,0.000368,-0.000122,-0.00071,-0.000168,-0.000816,-4e-06,-0.001093,-0.000301,-0.000284,0.000118,-0.001329,0.000309,-0.000544,0.00062,0.000254,0.001335,-0.000134,-5e-05,-0.000519,-0.000284,0.000593,-0.000576,-9.3e-05,-0.000978,9.5e-05,-0.000563,0.000368,-0.000813,-0.000704,-0.000305,-9.7e-05,0.001038,6e-06,-0.000336,7.2e-05,-0.000521,-0.000589,-0.000134,-0.000498,-0.000214,-0.000696,-0.000578,0.000546,0.000275,-0.000994,0.000467,0.000189,-0.000343,-0.000147,-5e-05,-0.000801,-0.001053,-0.000742,0.000185,-0.000519,-0.000498,-0.000118,-0.000271,0.000956,-0.000301,0.000332,-0.001005,-0.000624,-0.000797,-0.001989,-0.000166,0.000105,0.000937,0.00058,0.001102,0.000378,0.000338,-0.000828,-0.001076,-0.000521,0.000416,-0.000679,-0.000454,-1.9e-05,-0.000389,0.000648,0.00021,-0.000315,-0.000563,-0.000851,-0.000618,-0.00021,0.000154,0.00168,0.000748,-0.000263,-0.001228,-0.000845,-4e-05,0.00194,0.000587,0.000647,0.001097,-0.000441,-0.001375,-0.000795,-0.001289,-9.9e-05,0.000927,-0.000425,0.000801,-0.001179,-0.000603,diem,tanah_kering,diem
-0.000145,-0.0005,-0.001175,-0.000319,0.00049,-0.000423,-0.000811,-0.000296,-8.6e-05,-0.000273,-0.000101,0.00079,-0.001921,-0.00028,0.001619,0.002043,0.00116,5.3e-05,-0.000841,-0.000141,-0.000439,0.000467,-0.000301,5.7e-05,-2.7e-05,4e-05,-0.001566,-0.000328,-0.001055,-0.000307,-3.4e-05,-0.000523,0.00071,-0.000305,-0.000942,0.000427,-0.000324,-0.000744,0.000235,0.000277,0.001076,-0.000282,0.000347,9e-05,1.1e-05,-0.000158,-0.000607,-0.00086,-0.000723,0.000349,-0.000887,0.000166,8.2e-05,0.000336,-0.000532,0.002979,-0.000277,0.000286,0.000368,-0.000122,-0.00071,-0.000168,-0.000816,-4e-06,-0.001093,-0.000301,-0.000284,0.000118,-0.001329,0.000309,-0.000544,0.00062,0.000254,0.001335,-0.000134,-5e-05,-0.000519,-0.000284,0.000593,-0.000576,-9.3e-05,-0.000978,9.5e-05,-0.000563,0.000368,-0.000813,-0.000704,-0.000305,-9.7e-05,0.001038,6e-06,-0.000336,7.2e-05,-0.000521,-0.000589,-0.000134,-0.000498,-0.000214,-0.000696,-0.000578,0.000546,0.000275,-0.000994,0.000467,0.000189,-0.000343,-0.000147,-5e-05,-0.000801,-0.001053,-0.000742,0.000185,-0.000519,-0.000498,-0.000118,-0.000271,0.000956,-0.000301,0.000332,-0.001005,-0.000624,-0.000797,-0.001989,-0.000166,0.000105,0.000937,0.00058,0.001102,0.000378,0.000338,-0.000828,-0.001076,-0.000521,0.000416,-0.000679,-0.000454,-1.9e-05,-0.000389,0.000648,0.00021,-0.000315,-0.000563,-0.000851,-0.000618,-0.00021,0.000154,0.00168,0.000748,-0.000263,-0.001228,-0.000845,-4e-05,0.00194,0.000587,0.000647,0.001097,-0.000441,-0.001375,-0.000795,-0.001289,-9.9e-05,0.000927,-0.000425,0.000801,-0.001179,-0.000603,-0.000143,0.00036,0.000515,-3.4e-05,-0.000486,-0.000666,-0.000153,0.000198,2.5e-05,0.00021,0.000177,0.000475,0.000177,0.001183,-0.00083,-0.000256,-0.000322,0.001425,-0.000502,-0.000423,2.1e-05,0.000637,-0.000216,9.5e-05,-0.000896,-0.000523,-8.4e-05,5.1e-05,0.000549,-3.4e-05,-0.000767,0.000263,-0.000376,7.4e-05,-0.000341,1e-05,-0.000425,0.000195,-0.000149,0.000294,0.000113,0.000433,0.000725,-0.001696,0.001312,0.000212,0.000694,-0.000561,-0.000879,0.000414,0.001108,-0.000532,-0.00074,-0.0005,0.000198,-0.00087,-0.001398,7.4e-05,0.001007,-0.00124,-0.001322,-0.000221,0.001417,0.000988,-0.000582,0.001839,-0.000235,-0.00136,0.000116,0.002028,0.000143,-0.000685,0.002787,-0.003052,-0.001844,0.000887,-0.000517,-0.000977,0.001064,0.001051,-0.001999,-0.001242,0.00148,-0.000626,-0.000731,0.002066,-0.000725,-0.001635,0.001945,-0.001184,diem,tanah_kering,diem
6e-06,-0.000336,7.2e-05,-0.000521,-0.000589,-0.000134,-0.000498,-0.000214,-0.000696,-0.000578,0.000546,0.000275,-0.000994,0.000467,0.000189,-0.000343,-0.000147,-5e-05,-0.000801,-0.001053,-0.000742,0.000185,-0.000519,-0.000498,-0.000118,-0.000271,0.000956,-0.000301,0.000332,-0.001005,-0.000624,-0.000797,-0.001989,-0.000166,0.000105,0.000937,0.00058,0.001102,0.000378,0.000338,-0.000828,-0.001076,-0.000521,0.000416,-0.000679,-0.000454,-1.9e-05,-0.000389,0.000648,0.00021,-0.000315,-0.000563,-0.000851,-0.000618,-0.00021,0.000154,0.00168,0.000748,-0.000263,-0.001228,-0.000845,-4e-05,0.00194,0.000587,0.000647,0.001097,-0.000441,-0.001375,-0.000795,-0.001289,-9.9e-05,0.000927,-0.000425,0.000801,-0.001179,-0.000603,-0.000143,0.00036,0.000515,-3.4e-05,-0.000486,-0.000666,-0.000153,0.000198,2.5e-05,0.00021,0.000177,0.000475,0.000177,0.001183,-0.00083,-0.000256,-0.000322,0.001425,-0.000502,-0.000423,2.1e-05,0.000637,-0.000216,9.5e-05,-0.000896,-0.000523,-8.4e-05,5.1e-05,0.000549,-3.4e-05,-0.000767,0.000263,-0.000376,7.4e-05,-0.000341,1e-05,-0.000425,0.000195,-0.000149,0.000294,0.000113,0.000433,0.000725,-0.001696,0.001312,0.000212,0.000694,-0.000561,-0.000879,0.000414,0.001108,-0.000532,-0.00074,-0.0005,0.000198,-0.00087,-0.001398,7.4e-05,0.001007,-0.00124,-0.001322,-0.000221,0.001417,0.000988,-0.000582,0.001839,-0.000235,-0.00136,0.000116,0.002028,0.000143,-0.000685,0.002787,-0.003052,-0.001844,0.000887,-0.000517,-0.000977,0.001064,0.001051,-0.001999,-0.001242,0.00148,-0.000626,-0.000731,0.002066,-0.000725,-0.001635,0.001945,-0.001184,-0.001688,0.002213,-0.001339,-0.000854,0.002607,0.0014,-0.002552,0.002239,-1.1e-05,-0.003197,0.001301,0.000547,-0.003588,0.002586,0.00149,-0.002995,0.001698,9.3e-05,-0.003569,0.003223,-0.000393,-0.003576,0.0014,-0.000427,-0.000734,0.003981,-0.001265,-0.000757,0.002523,-0.000704,-0.000244,0.001419,-0.001223,0.000635,-3.2e-05,-0.000769,0.001944,-0.000864,-0.001188,0.001686,-0.000906,-0.000662,0.001495,-0.001442,-0.000402,0.000237,-0.000952,0.000706,-0.000544,-0.000883,0.000626,-0.000668,-0.00099,0.000784,-0.000423,0.000193,0.00038,-6.5e-05,0.000446,-0.000673,-0.000227,-0.000217,-0.000128,0.000353,-0.001181,-0.000551,-0.000212,0.000463,0.000128,-2.9e-05,-4.8e-05,-8e-05,-0.000771,-0.000368,-0.000851,-0.000473,-0.000273,0.000439,-0.00061,-0.000633,-0.00065,0.000244,-0.000193,0.000126,4e-05,6.3e-05,0.000206,-0.000664,-0.000769,0.000502,diem,tanah_kering,diem
-0.00083,-0.000256,-0.000322,0.001425,-0.000502,-0.000423,2.1e-05,0.000637,-0.000216,9.5e-05,-0.000896,-0.000523,-8.4e-05,5.1e-05,0.000549,-3.4e-05,-0.000767,0.000263,-0.000376,7.4e-05,-0.000341,1e-05,-0.000425,0.000195,-0.000149,0.000294,0.000113,0.000433,0.000725,-0.001696,0.001312,0.000212,0.000694,-0.000561,-0.000879,0.000414,0.001108,-0.000532,-0.00074,-0.0005,0.000198,-0.00087,-0.001398,7.4e-05,0.001007,-0.00124,-0.001322,-0.000221,0.001417,0.000988,-0.000582,0.001839,-0.000235,-0.00136,0.000116,0.002028,0.000143,-0.000685,0.002787,-0.003052,-0.001844,0.000887,-0.000517,-0.000977,0.001064,0.001051,-0.001999,-0.001242,0.00148,-0.000626,-0.000731,0.002066,-0.000725,-0.001635,0.001945,-0.001184,-0.001688,0.002213,-0.001339,-0.000854,0.002607,0.0014,-0.002552,0.002239,-1.1e-05,-0.003197,0.001301,0.000547,-0.003588,0.002586,0.00149,-0.002995,0.001698,9.3e-05,-0.003569,0.003223,-0.000393,-0.003576,0.0014,-0.000427,-0.000734,0.003981,-0.001265,-0.000757,0.002523,-0.000704,-0.000244,0.001419,-0.001223,0.000635,-3.2e-05,-0.000769,0.001944,-0.000864,-0.001188,0.001686,-0.000906,-0.000662,0.001495,-0.001442,-0.000402,0.000237,-0.000952,0.000706,-0.000544,-0.000883,0.000626,-0.000668,-0.00099,0.000784,-0.000423,0.000193,0.00038,-6.5e-05,0.000446,-0.000673,-0.000227,-0.000217,-0.000128,0.000353,-0.001181,-0.000551,-0.000212,0.000463,0.000128,-2.9e-05,-4.8e-05,-8e-05,-0.000771,-0.000368,-0.000851,-0.000473,-0.000273,0.000439,-0.00061,-0.000633,-0.00065,0.000244,-0.000193,0.000126,4e-05,6.3e-05,0.000206,-0.000664,-0.000769,0.000502,0.000139,-0.00066,-0.0002,-0.000307,-0.000158,-0.000498,-0.000109,0.001123,0.000542,-0.000109,-0.000509,-0.000265,0.000177,0.001034,5e-05,-0.000879,0.000238,-0.000111,-0.001045,-0.00061,2e-06,-0.000156,-0.000561,0.000225,-0.000151,0.001347,-9.5e-05,0.00058,0.002403,0.001043,0.001045,-5e-05,0.000179,0.002592,-2.1e-05,-0.000996,-0.001989,-0.000681,-0.001419,-0.000719,-0.000591,-0.000673,-0.000132,0.000328,0.00115,0.000269,-0.000439,-0.00032,0.000763,-0.000381,-0.000465,7.2e-05,0.000322,-0.00016,3.1e-05,-0.000454,-0.00099,-0.000797,-2.9e-05,-0.000128,-0.000877,-0.000214,0.000916,-0.001776,0.000347,-0.000366,-0.000566,0.000885,-0.000345,0.000633,0.000443,0.000345,-4e-05,0.000502,0.001835,-5.7e-05,0.000179,0.000648,0.000214,0.000406,0.000574,0.000166,4.6e-05,0.000427,-2.1e-05,-0.000235,0.000216,0.000202,5.5e-05,1e-05,diem,tanah_kering,diem
0.00149,-0.002995,0.001698,9.3e-05,-0.003569,0.003223,-0.000393,-0.003576,0.0014,-0.000427,-0.000734,0.003981,-0.001265,-0.000757,0.002523,-0.000704,-0.000244,0.001419,-0.001223,0.000635,-3.2e-05,-0.000769,0.001944,-0.000864,-0.001188,0.001686,-0.000906,-0.000662,0.001495,-0.001442,-0.000402,0.000237,-0.000952,0.000706,-0.000544,-0.000883,0.000626,-0.000668,-0.00099,0.000784,-0.000423,0.000193,0.00038,-6.5e-05,0.000446,-0.000673,-0.000227,-0.000217,-0.000128,0.000353,-0.001181,-0.000551,-0.000212,0.000463,0.000128,-2.9e-05,-4.8e-05,-8e-05,-0.000771,-0.000368,-0.000851,-0.000473,-0.000273,0.000439,-0.00061,-0.000633,-0.00065,0.000244,-0.000193,0.000126,4e-05,6.3e-05,0.000206,-0.000664,-0.000769,0.000502,0.000139,-0.00066,-0.0002,-0.000307,-0.000158,-0.000498,-0.000109,0.001123,0.000542,-0.000109,-0.000509,-0.000265,0.000177,0.001034,5e-05,-0.000879,0.000238,-0.000111,-0.001045,-0.00061,2e-06,-0.000156,-0.000561,0.000225,-0.000151,0.001347,-9.5e-05,0.00058,0.002403,0.001043,0.001045,-5e-05,0.000179,0.002592,-2.1e-05,-0.000996,-0.001989,-0.000681,-0.001419,-0.000719,-0.000591,-0.000673,-0.000132,0.000328,0.00115,0.000269,-0.000439,-0.00032,0.000763,-0.000381,-0.000465,7.2e-05,0.000322,-0.00016,3.1e-05,-0.000454,-0.00099,-0.000797,-2.9e-05,-0.000128,-0.000877,-0.000214,0.000916,-0.001776,0.000347,-0.000366,-0.000566,0.000885,-0.000345,0.000633,0.000443,0.000345,-4e-05,0.000502,0.001835,-5.7e-05,0.000179,0.000648,0.000214,0.000406,0.000574,0.000166,4.6e-05,0.000427,-2.1e-05,-0.000235,0.000216,0.000202,5.5e-05,1e-05,-0.000139,-0.000114,-0.000237,-0.000938,-1.3e-05,-0.000828,-6.1e-05,-0.000137,8.2e-05,0.000217,-0.000174,-0.000565,1.5e-05,-0.001093,-0.000383,0.000624,8e-05,-0.001345,0.000137,-0.001122,-0.000418,-8e-05,-0.00094,-0.001009,-0.000841,-0.000891,-0.000841,-0.000368,-0.00013,-0.000793,-0.000757,-0.000443,-0.000593,-0.000422,-2.7e-05,-0.000252,0.000156,0.000954,0.000208,0.000233,-5.7e-05,0.000298,-0.000254,0.001017,0.000414,-0.000547,-0.000101,-0.00024,-0.000807,-0.000412,-0.000179,-0.000652,-0.000208,-9.5e-05,1.5e-05,0.000698,0.000727,0.000193,-0.000294,-0.000818,-0.000576,-0.000572,-0.0007,0.000605,0.000801,-0.000601,-0.000687,-0.001806,-0.001019,-0.000237,5e-05,0.000385,1.3e-05,0.00034,0.000101,-2e-06,-0.000528,-0.000633,-0.000534,0.000298,-0.000515,0.000387,0.000349,-0.00016,-0.000788,-0.000519,-0.000422,0.000343,0.000488,-0.000105,diem,tanah_kering,diem
5e-05,-0.000879,0.000238,-0.000111,-0.001045,-0.00061,2e-06,-0.000156,-0.000561,0.000225,-0.000151,0.001347,-9.5e-05,0.00058,0.002403,0.001043,0.001045,-5e-05,0.000179,0.002592,-2.1e-05,-0.000996,-0.001989,-0.000681,-0.001419,-0.000719,-0.000591,-0.000673,-0.000132,0.000328,0.00115,0.000269,-0.000439,-0.00032,0.000763,-0.000381,-0.000465,7.2e-05,0.000322,-0.00016,3.1e-05,-0.000454,-0.00099,-0.000797,-2.9e-05,-0.000128,-0.000877,-0.000214,0.000916,-0.001776,0.000347,-0.000366,-0.000566,0.000885,-0.000345,0.000633,0.000443,0.000345,-4e-05,0.000502,0.001835,-5.7e-05,0.000179,0.000648,0.000214,0.000406,0.000574,0.000166,4.6e-05,0.000427,-2.1e-05,-0.000235,0.000216,0.000202,5.5e-05,1e-05,-0.000139,-0.000114,-0.000237,-0.000938,-1.3e-05,-0.000828,-6.1e-05,-0.000137,8.2e-05,0.000217,-0.000174,-0.000565,1.5e-05,-0.001093,-0.000383,0.000624,8e-05,-0.001345,0.000137,-0.001122,-0.000418,-8e-05,-0.00094,-0.001009,-0.000841,-0.000891,-0.000841,-0.000368,-0.00013,-0.000793,-0.000757,-0.000443,-0.000593,-0.000422,-2.7e-05,-0.000252,0.000156,0.000954,0.000208,0.000233,-5.7e-05,0.000298,-0.000254,0.001017,0.000414,-0.000547,-0.000101,-0.00024,-0.000807,-0.000412,-0.000179,-0.000652,-0.000208,-9.5e-05,1.5e-05,0.000698,0.000727,0.000193,-0.000294,-0.000818,-0.000576,-0.000572,-0.0007,0.000605,0.000801,-0.000601,-0.000687,-0.001806,-0.001019,-0.000237,5e-05,0.000385,1.3e-05,0.00034,0.000101,-2e-06,-0.000528,-0.000633,-0.000534,0.000298,-0.000515,0.000387,0.000349,-0.00016,-0.000788,-0.000519,-0.000422,0.000343,0.000488,-0.000105,-0.000378,-0.001045,0.000212,0.00021,7.6e-05,-0.000849,-0.000561,-7.6e-05,-0.000563,-2.7e-05,-0.001068,-0.000269,-0.000116,0.000284,-0.000174,-0.000204,6.1e-05,-0.000751,-0.00058,-0.000738,0.001141,-0.000763,-0.001522,0.001226,0.001337,-0.002363,0.000111,0.001911,-0.001484,-0.001238,0.00206,0.000341,-0.004572,0.002285,0.000763,-0.001451,-8.8e-05,0.001862,-0.002359,0.000597,0.001431,0.002321,0.001141,0.000561,-0.061024,0.000877,0.000656,-0.001743,0.000738,0.000532,-0.001043,0.000765,3.8e-05,-0.00127,0.000229,-0.00069,-0.001049,0.000143,-0.000542,-0.000248,-0.000334,-0.000124,0.000463,-0.000322,0.001457,0.001978,-0.000511,-0.000248,-0.000774,2e-06,0.001871,5.9e-05,-0.000198,0.000452,-2e-06,5.5e-05,-0.000435,-0.000517,-0.000736,0.000559,-0.000786,0.000177,0.000582,-0.000511,0.000355,-0.000788,0.000973,-0.000221,-0.000341,0.000484,diem,tanah_kering,diem
-0.000383,0.000624,8e-05,-0.001345,0.000137,-0.001122,-0.000418,-8e-05,-0.00094,-0.001009,-0.000841,-0.000891,-0.000841,-0.000368,-0.00013,-0.000793,-0.000757,-0.000443,-0.000593,-0.000422,-2.7e-05,-0.000252,0.000156,0.000954,0.000208,0.000233,-5.7e-05,0.000298,-0.000254,0.001017,0.000414,-0.000547,-0.000101,-0.00024,-0.000807,-0.000412,-0.000179,-0.000652,-0.000208,-9.5e-05,1.5e-05,0.000698,0.000727,0.000193,-0.000294,-0.000818,-0.000576,-0.000572,-0.0007,0.000605,0.000801,-0.000601,-0.000687,-0.001806,-0.001019,-0.000237,5e-05,0.000385,1.3e-05,0.00034,0.000101,-2e-06,-0.000528,-0.000633,-0.000534,0.000298,-0.000515,0.000387,0.000349,-0.00016,-0.000788,-0.000519,-0.000422,0.000343,0.000488,-0.000105,-0.000378,-0.001045,0.000212,0.00021,7.6e-05,-0.000849,-0.000561,-7.6e-05,-0.000563,-2.7e-05,-0.001068,-0.000269,-0.000116,0.000284,-0.000174,-0.000204,6.1e-05,-0.000751,-0.00058,-0.000738,0.001141,-0.000763,-0.001522,0.001226,0.001337,-0.002363,0.000111,0.001911,-0.001484,-0.001238,0.00206,0.000341,-0.004572,0.002285,0.000763,-0.001451,-8.8e-05,0.001862,-0.002359,0.000597,0.001431,0.002321,0.001141,0.000561,-0.061024,0.000877,0.000656,-0.001743,0.000738,0.000532,-0.001043,0.000765,3.8e-05,-0.00127,0.000229,-0.00069,-0.001049,0.000143,-0.000542,-0.000248,-0.000334,-0.000124,0.000463,-0.000322,0.001457,0.001978,-0.000511,-0.000248,-0.000774,2e-06,0.001871,5.9e-05,-0.000198,0.000452,-2e-06,5.5e-05,-0.000435,-0.000517,-0.000736,0.000559,-0.000786,0.000177,0.000582,-0.000511,0.000355,-0.000788,0.000973,-0.000221,-0.000341,0.000484,-0.000782,9.3e-05,-0.000101,-0.000109,0.00058,-0.000406,0.000927,0.000475,1.3e-05,0.001167,-0.000723,0.000799,-0.000416,-0.000544,0.000778,-0.000916,0.00034,-0.000515,-0.000292,0.000675,-0.000856,0.000828,-0.000681,0.000544,0.000692,0.001217,0.000114,0.000166,0.002209,-0.000484,0.000227,0.00127,-0.000706,2.3e-05,-0.000395,0.000149,-2.5e-05,1.5e-05,-0.000111,-0.000156,0.000462,-0.000517,6.5e-05,0.000309,-0.000204,0.001143,-4e-06,-0.000334,-0.000605,-6.3e-05,7.4e-05,-0.000257,-0.000151,0.000286,-0.000179,3.4e-05,0.000233,-0.000441,-0.000658,0.000456,-3.1e-05,0.000948,0.001059,-0.000111,-0.000164,0.000156,2.1e-05,-0.000374,0.000202,-0.000168,0.000202,-0.00087,-0.000353,0.000168,-0.00066,0.000164,-0.00102,-6.3e-05,8e-06,-0.000446,0.000237,-0.000275,-0.000587,-0.000555,5e-05,-0.000143,-0.000391,-7.8e-05,-0.00045,-5.5e-05,diem,tanah_kering,diem
0.000492,-2.5e-05,0.000935,-0.00111,-0.00075,-0.000889,-0.000109,0.000288,0.002733,0.002544,0.001701,0.001417,0.003033,0.005245,0.001371,-0.000244,0.000122,-0.001087,0.000471,0.000761,0.000202,-0.000628,9.5e-05,-0.000565,-0.000486,-0.00025,0.00021,-0.00029,-0.000441,-0.000547,-2e-06,-0.000772,-2.9e-05,-0.000513,0.000349,0.000288,0.00017,-0.000832,0.001184,0.000765,0.001131,-0.000114,-0.000362,-0.000387,0.000881,0.000526,7.1e-05,0.000244,-0.000397,0.000862,-0.000227,-0.000803,-9.5e-05,0.000294,-0.000786,-0.000454,-9.2e-05,-0.000324,1.3e-05,0.000643,-0.000416,-0.00062,0.000305,0.000425,-0.000971,-0.000792,-0.000803,-0.000698,-0.000616,0.000175,-0.000601,-0.00058,0.000132,-0.000786,0.001331,-0.000298,0.000334,-9.7e-05,-0.001209,0.000816,0.000139,-0.000345,0.001543,0.001127,-0.000801,-0.000288,-0.000826,0.001274,-0.000931,-0.002102,-0.000395,-0.000969,0.001287,-0.000477,0.000595,0.000595,0.000217,0.000666,0.000116,-0.000679,-0.000772,-0.00034,-0.0012,-0.000301,-2.5e-05,-0.000191,0.000853,0.00042,-0.001829,-0.000132,0.001873,0.000668,-0.00222,-0.000574,0.000166,-0.000114,-0.001051,-0.001682,0.000315,0.001566,0.000776,-0.000862,-0.001381,-0.000967,0.000748,4.6e-05,-0.000929,-0.000835,-0.000629,-0.002039,0.002468,-0.002047,-3.4e-05,0.000288,0.000246,-0.001759,-0.000912,-0.002249,-0.00036,0.00054,-0.00106,-9.9e-05,-0.000698,-0.000143,0.000792,0.000326,-0.001228,-0.000145,-0.000874,-2.3e-05,0.000515,-0.000389,-0.000158,-0.000242,-5.3e-05,0.000137,0.000195,-0.000713,-0.000275,-9.5e-05,-0.000349,2.9e-05,-0.000509,-0.000854,-0.000492,0.000183,0.000517,-0.000156,-0.001619,0.000523,0.000257,-0.001099,0.000288,0.000113,-0.000818,-0.00087,-0.000586,-0.000303,0.000208,-0.00041,-0.000177,-0.000347,0.000484,-0.000591,-0.001007,-0.000521,-0.000582,4.4e-05,0.000332,-0.001328,-6e-06,-0.000721,-0.000763,-0.000568,-0.00086,-0.000742,-4.4e-05,-0.000633,-0.000807,0.000845,-0.000917,-0.000471,-9.9e-05,-0.000254,0.000162,-0.000427,-0.000792,-0.000195,-0.00021,0.000296,-0.000525,-9.9e-05,-0.000126,-0.000612,0.000185,-0.000124,-0.000765,-0.000175,-0.000389,-2.9e-05,-0.000435,0.000153,-0.000671,-0.000458,-0.00082,-0.000473,-0.00032,-0.000767,-0.000103,-0.000134,-0.000257,-0.000399,-8e-05,-3.2e-05,-0.000568,-0.000341,0.000263,0.000111,-0.000223,-0.000362,6.1e-05,-0.000292,-0.000107,0.0,-0.000483,-6.3e-05,-0.000372,6.5e-05,-0.000608,-0.000193,-0.000618,-0.000214,-0.000404,-0.000303,-0.000488,-0.000443,diem,tanah_kering,diem
-0.000395,-0.000969,0.001287,-0.000477,0.000595,0.000595,0.000217,0.000666,0.000116,-0.000679,-0.000772,-0.00034,-0.0012,-0.000301,-2.5e-05,-0.000191,0.000853,0.00042,-0.001829,-0.000132,0.001873,0.000668,-0.00222,-0.000574,0.000166,-0.000114,-0.001051,-0.001682,0.000315,0.001566,0.000776,-0.000862,-0.001381,-0.000967,0.000748,4.6e-05,-0.000929,-0.000835,-0.000629,-0.002039,0.002468,-0.002047,-3.4e-05,0.000288,0.000246,-0.001759,-0.000912,-0.002249,-0.00036,0.00054,-0.00106,-9.9e-05,-0.000698,-0.000143,0.000792,0.000326,-0.001228,-0.000145,-0.000874,-2.3e-05,0.000515,-0.000389,-0.000158,-0.000242,-5.3e-05,0.000137,0.000195,-0.000713,-0.000275,-9.5e-05,-0.000349,2.9e-05,-0.000509,-0.000854,-0.000492,0.000183,0.000517,-0.000156,-0.001619,0.000523,0.000257,-0.001099,0.000288,0.000113,-0.000818,-0.00087,-0.000586,-0.000303,0.000208,-0.00041,-0.000177,-0.000347,0.000484,-0.000591,-0.001007,-0.000521,-0.000582,4.4e-05,0.000332,-0.001328,-6e-06,-0.000721,-0.000763,-0.000568,-0.00086,-0.000742,-4.4e-05,-0.000633,-0.000807,0.000845,-0.000917,-0.000471,-9.9e-05,-0.000254,0.000162,-0.000427,-0.000792,-0.000195,-0.00021,0.000296,-0.000525,-9.9e-05,-0.000126,-0.000612,0.000185,-0.000124,-0.000765,-0.000175,-0.000389,-2.9e-05,-0.000435,0.000153,-0.000671,-0.000458,-0.00082,-0.000473,-0.00032,-0.000767,-0.000103,-0.000134,-0.000257,-0.000399,-8e-05,-3.2e-05,-0.000568,-0.000341,0.000263,0.000111,-0.000223,-0.000362,6.1e-05,-0.000292,-0.000107,0.0,-0.000483,-6.3e-05,-0.000372,6.5e-05,-0.000608,-0.000193,-0.000618,-0.000214,-0.000404,-0.000303,-0.000488,-0.000443,-0.00082,-0.000191,-4.8e-05,0.000158,-0.000624,-0.000244,-0.000437,-0.000122,-0.000597,0.00045,-0.000154,0.000832,-2.3e-05,-0.000437,0.000158,-0.000256,-0.000116,0.000378,-0.000225,-0.000761,-0.000145,0.000162,0.000441,0.000633,0.000502,0.000847,-0.000244,-0.000635,-0.000614,-0.00071,-0.000698,-0.00025,-0.000469,-0.000513,0.000364,9e-05,0.000193,-0.000378,-0.000378,-0.000513,0.000185,-0.00021,-0.000507,-0.001005,-0.000401,-0.000626,-0.000551,0.000151,-0.000238,3.6e-05,0.000555,-5e-05,-0.000303,-0.000475,0.000977,-8.6e-05,-0.000471,-8.8e-05,-0.000322,4e-05,-0.000301,-0.000124,-0.000223,-0.000181,-0.000435,-0.00033,1e-05,4.2e-05,-6.3e-05,-0.000195,-0.000465,-0.000294,-0.0002,0.000223,-0.000303,-0.000694,-0.000471,-0.000282,-0.000429,-0.000179,-0.000162,-0.000103,-0.000507,-0.000216,-0.000359,3.2e-05,-0.000259,-0.000471,0.000267,-0.000481,diem,tanah_kering,diem
-0.000177,-0.000347,0.000484,-0.000591,-0.001007,-0.000521,-0.000582,4.4e-05,0.000332,-0.001328,-6e-06,-0.000721,-0.000763,-0.000568,-0.00086,-0.000742,-4.4e-05,-0.000633,-0.000807,0.000845,-0.000917,-0.000471,-9.9e-05,-0.000254,0.000162,-0.000427,-0.000792,-0.000195,-0.00021,0.000296,-0.000525,-9.9e-05,-0.000126,-0.000612,0.000185,-0.000124,-0.000765,-0.000175,-0.000389,-2.9e-05,-0.000435,0.000153,-0.000671,-0.000458,-0.00082,-0.000473,-0.00032,-0.000767,-0.000103,-0.000134,-0.000257,-0.000399,-8e-05,-3.2e-05,-0.000568,-0.000341,0.000263,0.000111,-0.000223,-0.000362,6.1e-05,-0.000292,-0.000107,0.0,-0.000483,-6.3e-05,-0.000372,6.5e-05,-0.000608,-0.000193,-0.000618,-0.000214,-0.000404,-0.000303,-0.000488,-0.000443,-0.00082,-0.000191,-4.8e-05,0.000158,-0.000624,-0.000244,-0.000437,-0.000122,-0.000597,0.00045,-0.000154,0.000832,-2.3e-05,-0.000437,0.000158,-0.000256,-0.000116,0.000378,-0.000225,-0.000761,-0.000145,0.000162,0.000441,0.000633,0.000502,0.000847,-0.000244,-0.000635,-0.000614,-0.00071,-0.000698,-0.00025,-0.000469,-0.000513,0.000364,9e-05,0.000193,-0.000378,-0.000378,-0.000513,0.000185,-0.00021,-0.000507,-0.001005,-0.000401,-0.000626,-0.000551,0.000151,-0.000238,3.6e-05,0.000555,-5e-05,-0.000303,-0.000475,0.000977,-8.6e-05,-0.000471,-8.8e-05,-0.000322,4e-05,-0.000301,-0.000124,-0.000223,-0.000181,-0.000435,-0.00033,1e-05,4.2e-05,-6.3e-05,-0.000195,-0.000465,-0.000294,-0.0002,0.000223,-0.000303,-0.000694,-0.000471,-0.000282,-0.000429,-0.000179,-0.000162,-0.000103,-0.000507,-0.000216,-0.000359,3.2e-05,-0.000259,-0.000471,0.000267,-0.000481,-0.000111,-8.6e-05,0.000216,0.000282,-0.000191,0.000153,-0.000101,0.001774,0.000502,1.1e-05,0.000193,-0.000185,-0.000593,-0.000336,0.000141,-0.000381,-0.00054,-0.000425,-9.5e-05,0.000219,0.000599,1.5e-05,-0.000208,-8e-05,0.000179,-1.5e-05,0.000441,6.3e-05,-4e-05,-0.000547,-0.000381,-0.000374,-0.00042,-0.000139,9.5e-05,-0.000574,-2.9e-05,7.1e-05,-0.000347,-5e-05,0.000223,0.000471,0.000771,-0.000286,-0.000183,-0.000175,-0.000298,-0.000259,-0.000193,-0.00037,-0.000624,-0.000368,0.000618,-0.000423,0.000185,0.000105,0.000177,0.000654,-0.000645,-0.000631,0.000353,-0.000311,1.7e-05,0.000185,0.000757,-0.000748,-0.000395,0.000647,0.000288,-7.6e-05,9e-05,-2e-06,-0.00028,-0.000944,-0.000221,-0.000618,-0.000322,3.4e-05,-0.000231,-5.7e-05,-0.00042,6e-06,3.1e-05,-0.000507,-0.000408,-0.000525,-0.000406,0.000116,0.000164,-0.000399,diem,tanah_kering,diem
0.000158,-0.000256,-0.000116,0.000378,-0.000225,-0.000761,-0.000145,0.000162,0.000441,0.000633,0.000502,0.000847,-0.000244,-0.000635,-0.000614,-0.00071,-0.000698,-0.00025,-0.000469,-0.000513,0.000364,9e-05,0.000193,-0.000378,-0.000378,-0.000513,0.000185,-0.00021,-0.000507,-0.001005,-0.000401,-0.000626,-0.000551,0.000151,-0.000238,3.6e-05,0.000555,-5e-05,-0.000303,-0.000475,0.000977,-8.6e-05,-0.000471,-8.8e-05,-0.000322,4e-05,-0.000301,-0.000124,-0.000223,-0.000181,-0.000435,-0.00033,1e-05,4.2e-05,-6.3e-05,-0.000195,-0.000465,-0.000294,-0.0002,0.000223,-0.000303,-0.000694,-0.000471,-0.000282,-0.000429,-0.000179,-0.000162,-0.000103,-0.000507,-0.000216,-0.000359,3.2e-05,-0.000259,-0.000471,0.000267,-0.000481,-0.000111,-8.6e-05,0.000216,0.000282,-0.000191,0.000153,-0.000101,0.001774,0.000502,1.1e-05,0.000193,-0.000185,-0.000593,-0.000336,0.000141,-0.000381,-0.00054,-0.000425,-9.5e-05,0.000219,0.000599,1.5e-05,-0.000208,-8e-05,0.000179,-1.5e-05,0.000441,6.3e-05,-4e-05,-0.000547,-0.000381,-0.000374,-0.00042,-0.000139,9.5e-05,-0.000574,-2.9e-05,7.1e-05,-0.000347,-5e-05,0.000223,0.000471,0.000771,-0.000286,-0.000183,-0.000175,-0.000298,-0.000259,-0.000193,-0.00037,-0.000624,-0.000368,0.000618,-0.000423,0.000185,0.000105,0.000177,0.000654,-0.000645,-0.000631,0.000353,-0.000311,1.7e-05,0.000185,0.000757,-0.000748,-0.000395,0.000647,0.000288,-7.6e-05,9e-05,-2e-06,-0.00028,-0.000944,-0.000221,-0.000618,-0.000322,3.4e-05,-0.000231,-5.7e-05,-0.00042,6e-06,3.1e-05,-0.000507,-0.000408,-0.000525,-0.000406,0.000116,0.000164,-0.000399,-0.000278,-0.00041,-0.000135,-0.000284,0.000902,0.000576,-0.000217,-4.2e-05,-0.000242,-0.000301,-0.000784,-0.000145,-0.000519,-0.000326,-6.3e-05,0.000294,0.00016,0.000364,-0.000101,0.000326,-0.000351,-0.000631,0.000401,0.000526,-0.000463,-0.000366,4.2e-05,-9e-05,-0.001101,-0.000776,-0.000225,-0.000132,-0.00016,-0.000153,-0.000978,-0.000256,0.000288,-0.000195,-0.00037,-0.000391,-0.000189,0.000568,5.3e-05,-0.000834,-0.000229,-5.1e-05,0.000166,-0.000217,0.000132,0.00021,-0.000572,-0.000927,-0.000673,-0.000355,-0.000105,-0.000471,0.000168,-0.000542,0.000109,-0.000296,0.000254,0.000181,0.000189,-0.000486,-0.000185,9.2e-05,-0.000702,0.000332,0.000887,-0.000441,-0.00094,-0.000433,-0.000114,-0.000757,-0.000177,0.000631,8.2e-05,-5.9e-05,0.000374,-0.000408,-0.001175,-0.000198,-0.000311,4.8e-05,0.001017,-0.000319,-0.001143,5.7e-05,0.000168,0.000616,diem,tanah_kering,diem
0.000141,-0.000381,-0.00054,-0.000425,-9.5e-05,0.000219,0.000599,1.5e-05,-0.000208,-8e-05,0.000179,-1.5e-05,0.000441,6.3e-05,-4e-05,-0.000547,-0.000381,-0.000374,-0.00042,-0.000139,9.5e-05,-0.000574,-2.9e-05,7.1e-05,-0.000347,-5e-05,0.000223,0.000471,0.000771,-0.000286,-0.000183,-0.000175,-0.000298,-0.000259,-0.000193,-0.00037,-0.000624,-0.000368,0.000618,-0.000423,0.000185,0.000105,0.000177,0.000654,-0.000645,-0.000631,0.000353,-0.000311,1.7e-05,0.000185,0.000757,-0.000748,-0.000395,0.000647,0.000288,-7.6e-05,9e-05,-2e-06,-0.00028,-0.000944,-0.000221,-0.000618,-0.000322,3.4e-05,-0.000231,-5.7e-05,-0.00042,6e-06,3.1e-05,-0.000507,-0.000408,-0.000525,-0.000406,0.000116,0.000164,-0.000399,-0.000278,-0.00041,-0.000135,-0.000284,0.000902,0.000576,-0.000217,-4.2e-05,-0.000242,-0.000301,-0.000784,-0.000145,-0.000519,-0.000326,-6.3e-05,0.000294,0.00016,0.000364,-0.000101,0.000326,-0.000351,-0.000631,0.000401,0.000526,-0.000463,-0.000366,4.2e-05,-9e-05,-0.001101,-0.000776,-0.000225,-0.000132,-0.00016,-0.000153,-0.000978,-0.000256,0.000288,-0.000195,-0.00037,-0.000391,-0.000189,0.000568,5.3e-05,-0.000834,-0.000229,-5.1e-05,0.000166,-0.000217,0.000132,0.00021,-0.000572,-0.000927,-0.000673,-0.000355,-0.000105,-0.000471,0.000168,-0.000542,0.000109,-0.000296,0.000254,0.000181,0.000189,-0.000486,-0.000185,9.2e-05,-0.000702,0.000332,0.000887,-0.000441,-0.00094,-0.000433,-0.000114,-0.000757,-0.000177,0.000631,8.2e-05,-5.9e-05,0.000374,-0.000408,-0.001175,-0.000198,-0.000311,4.8e-05,0.001017,-0.000319,-0.001143,5.7e-05,0.000168,0.000616,-0.001169,-6.9e-05,-0.000153,-0.000484,-0.000652,0.000315,0.000134,-9.5e-05,-0.00021,-0.00078,0.000612,0.000772,-0.000124,0.000301,-0.000324,0.000799,-0.000328,0.000538,-6.9e-05,-0.000118,-0.000534,-0.001724,0.000113,0.000435,0.000914,-0.000427,-0.001278,-0.001017,0.000322,0.000557,0.000128,-0.000151,-0.001179,-0.000471,0.00066,0.000238,0.000252,-0.000153,-0.000107,-0.000761,-1.3e-05,0.000334,-2.1e-05,-0.000553,-0.000996,-0.000381,0.000185,-0.000511,-0.00128,-0.000561,0.000471,-0.000519,0.000391,-0.000578,0.000254,0.00033,0.000368,-0.001266,-0.001011,0.000143,0.001862,-0.001553,-0.001305,-0.001261,0.000511,-0.000875,-0.00032,-0.000591,-9.2e-05,0.000576,9.5e-05,-0.00037,-0.000353,-0.000332,-0.000229,0.00038,-1.3e-05,0.000196,-0.000675,0.000284,0.000364,-0.000704,0.001232,-6.3e-05,-9.5e-05,-1.3e-05,-4e-05,-0.000443,0.000301,0.000853,diem,tanah_kering,diem
-6.3e-05,0.000294,0.00016,0.000364,-0.000101,0.000326,-0.000351,-0.000631,0.000401,0.000526,-0.000463,-0.000366,4.2e-05,-9e-05,-0.001101,-0.000776,-0.000225,-0.000132,-0.00016,-0.000153,-0.000978,-0.000256,0.000288,-0.000195,-0.00037,-0.000391,-0.000189,0.000568,5.3e-05,-0.000834,-0.000229,-5.1e-05,0.000166,-0.000217,0.000132,0.00021,-0.000572,-0.000927,-0.000673,-0.000355,-0.000105,-0.000471,0.000168,-0.000542,0.000109,-0.000296,0.000254,0.000181,0.000189,-0.000486,-0.000185,9.2e-05,-0.000702,0.000332,0.000887,-0.000441,-0.00094,-0.000433,-0.000114,-0.000757,-0.000177,0.000631,8.2e-05,-5.9e-05,0.000374,-0.000408,-0.001175,-0.000198,-0.000311,4.8e-05,0.001017,-0.000319,-0.001143,5.7e-05,0.000168,0.000616,-0.001169,-6.9e-05,-0.000153,-0.000484,-0.000652,0.000315,0.000134,-9.5e-05,-0.00021,-0.00078,0.000612,0.000772,-0.000124,0.000301,-0.000324,0.000799,-0.000328,0.000538,-6.9e-05,-0.000118,-0.000534,-0.001724,0.000113,0.000435,0.000914,-0.000427,-0.001278,-0.001017,0.000322,0.000557,0.000128,-0.000151,-0.001179,-0.000471,0.00066,0.000238,0.000252,-0.000153,-0.000107,-0.000761,-1.3e-05,0.000334,-2.1e-05,-0.000553,-0.000996,-0.000381,0.000185,-0.000511,-0.00128,-0.000561,0.000471,-0.000519,0.000391,-0.000578,0.000254,0.00033,0.000368,-0.001266,-0.001011,0.000143,0.001862,-0.001553,-0.001305,-0.001261,0.000511,-0.000875,-0.00032,-0.000591,-9.2e-05,0.000576,9.5e-05,-0.00037,-0.000353,-0.000332,-0.000229,0.00038,-1.3e-05,0.000196,-0.000675,0.000284,0.000364,-0.000704,0.001232,-6.3e-05,-9.5e-05,-1.3e-05,-4e-05,-0.000443,0.000301,0.000853,0.000484,0.00028,0.000607,0.000484,-0.000141,-0.001331,0.000126,5.7e-05,-0.000212,0.000681,0.000441,0.000126,-0.000479,-0.00091,0.000818,-0.000629,-0.000973,4e-05,-0.000164,-0.001158,-0.00028,9.7e-05,-0.000206,-0.000662,-8.4e-05,9.5e-05,0.00024,-0.000906,-0.000412,-0.000265,-0.000122,0.000177,-2.9e-05,0.000486,-0.00094,0.000444,-5.7e-05,0.000147,-0.000446,0.000206,-9.2e-05,-0.000961,-0.000116,0.000252,-0.00128,-6.1e-05,0.000399,0.000254,0.000132,-6.9e-05,0.000429,0.000217,0.000288,-0.000275,-0.000219,0.000572,-0.000809,-0.000233,0.000629,-0.000647,-0.000322,0.000486,-0.000763,-0.000278,0.000731,-0.000557,-0.000252,0.000753,-0.000885,-0.000519,-8.8e-05,-0.001011,2.5e-05,0.000357,0.000624,8e-05,9.5e-05,-0.000908,0.000158,-0.000719,-0.000513,0.000505,-0.000109,-6.9e-05,-0.000156,-0.000538,-5.1e-05,6e-06,-0.000576,-0.000107,diem,tanah_kering,diem
-0.000324,0.000799,-0.000328,0.000538,-6.9e-05,-0.000118,-0.000534,-0.001724,0.000113,0.000435,0.000914,-0.000427,-0.001278,-0.001017,0.000322,0.000557,0.000128,-0.000151,-0.001179,-0.000471,0.00066,0.000238,0.000252,-0.000153,-0.000107,-0.000761,-1.3e-05,0.000334,-2.1e-05,-0.000553,-0.000996,-0.000381,0.000185,-0.000511,-0.00128,-0.000561,0.000471,-0.000519,0.000391,-0.000578,0.000254,0.00033,0.000368,-0.001266,-0.001011,0.000143,0.001862,-0.001553,-0.001305,-0.001261,0.000511,-0.000875,-0.00032,-0.000591,-9.2e-05,0.000576,9.5e-05,-0.00037,-0.000353,-0.000332,-0.000229,0.00038,-1.3e-05,0.000196,-0.000675,0.000284,0.000364,-0.000704,0.001232,-6.3e-05,-9.5e-05,-1.3e-05,-4e-05,-0.000443,0.000301,0.000853,0.000484,0.00028,0.000607,0.000484,-0.000141,-0.001331,0.000126,5.7e-05,-0.000212,0.000681,0.000441,0.000126,-0.000479,-0.00091,0.000818,-0.000629,-0.000973,4e-05,-0.000164,-0.001158,-0.00028,9.7e-05,-0.000206,-0.000662,-8.4e-05,9.5e-05,0.00024,-0.000906,-0.000412,-0.000265,-0.000122,0.000177,-2.9e-05,0.000486,-0.00094,0.000444,-5.7e-05,0.000147,-0.000446,0.000206,-9.2e-05,-0.000961,-0.000116,0.000252,-0.00128,-6.1e-05,0.000399,0.000254,0.000132,-6.9e-05,0.000429,0.000217,0.000288,-0.000275,-0.000219,0.000572,-0.000809,-0.000233,0.000629,-0.000647,-0.000322,0.000486,-0.000763,-0.000278,0.000731,-0.000557,-0.000252,0.000753,-0.000885,-0.000519,-8.8e-05,-0.001011,2.5e-05,0.000357,0.000624,8e-05,9.5e-05,-0.000908,0.000158,-0.000719,-0.000513,0.000505,-0.000109,-6.9e-05,-0.000156,-0.000538,-5.1e-05,6e-06,-0.000576,-0.000107,-0.000111,0.000244,-0.000235,-2.7e-05,-0.000261,4e-05,-0.001339,-0.000324,-6.3e-05,-0.000359,0.000303,-0.000704,3.4e-05,2.5e-05,-0.000628,0.000389,-0.00025,-0.000761,0.000412,-0.000887,-9.3e-05,9.7e-05,-0.000319,0.000326,0.001022,-0.000568,0.000301,-0.000238,0.000244,0.000406,-0.000647,8.6e-05,6.3e-05,-8.8e-05,-2.9e-05,-0.000586,-7.8e-05,0.000177,-0.00036,-0.00065,-1.3e-05,9.7e-05,0.000313,-0.000513,0.000183,-0.000828,-7.1e-05,4.4e-05,-0.00058,0.00078,-0.000154,-0.000603,-8e-05,-0.000681,0.000908,-6e-06,-0.000156,-0.000206,-0.000443,-0.00036,2.3e-05,-0.000711,5.1e-05,-8.2e-05,0.000479,0.000771,-0.00045,-0.000542,-0.001228,-0.000177,0.000397,-0.000422,0.00017,0.000362,-0.000231,0.000452,0.000217,-0.000257,0.000576,4.8e-05,-0.0009,-0.000118,-0.000669,-0.00083,7.6e-05,-0.000225,-0.000109,-4.8e-05,-0.000429,1e-05,diem,tanah_kering,diem
-0.000406,-0.000179,-0.000158,0.000454,2.3e-05,6.3e-05,-0.000177,-0.000273,0.000574,2.9e-05,-9e-05,0.001013,-0.000212,-7.8e-05,0.000257,9e-05,-0.000385,-0.000402,-0.000637,-0.000437,5.7e-05,-0.000521,-0.000504,-0.000301,-0.000416,0.00013,-1.7e-05,1.5e-05,0.00017,-8.8e-05,-0.000296,-0.000124,-0.000309,0.00042,-0.00065,0.000463,-8.2e-05,0.00032,-5.9e-05,-0.000113,-0.000242,-0.0002,-0.000298,-0.000376,-9.9e-05,-0.000397,-0.000139,0.000135,-0.000183,-0.000679,-5.5e-05,-0.000687,-0.00058,-0.000341,-0.000381,-0.000628,-0.000402,-0.000498,-0.000725,-0.000521,-0.000242,-0.000246,-0.001183,6e-06,7.4e-05,-0.000797,-0.000263,0.000101,3.4e-05,0.000261,-4e-05,-8e-06,-0.000834,0.000168,-5.5e-05,1.5e-05,0.00075,0.000315,0.001081,-0.000191,0.000111,0.000294,8.4e-05,4.8e-05,0.000574,0.000326,-0.000307,0.000814,0.000368,0.00025,-0.000137,-0.000607,-4e-05,-0.000511,-0.000607,-0.001051,-0.000675,0.00021,-0.000311,-0.000233,-0.000231,0.000517,0.001446,-0.000675,-0.000912,-0.000509,-5.7e-05,0.000175,-0.000801,0.000156,0.000851,-0.000248,-0.000708,0.000589,0.00017,0.000481,0.000221,-0.000967,-0.001091,-0.000427,0.000307,-0.000202,-0.001774,0.000664,-0.001556,-0.001169,-5.7e-05,-0.000433,-0.000902,0.000231,-0.000195,2.7e-05,0.000212,0.000156,0.000267,-0.000322,6e-06,-0.000408,-0.000305,-0.000448,-0.000412,0.000595,0.003103,0.00305,0.000484,-0.00165,0.000822,0.000343,-0.000671,-0.00256,-0.002876,-0.000519,0.001009,-0.000906,-0.001017,-0.00065,0.000257,0.000134,-0.000153,-0.000217,0.000271,0.000141,0.000187,8e-06,-8.2e-05,-0.000425,-0.000166,0.000349,0.000526,-0.000326,7.2e-05,-0.000202,-0.000113,6.1e-05,-0.000872,-0.000357,-0.000385,-0.000431,-0.000311,0.000153,-7.2e-05,-0.000568,-0.000332,0.000313,-8.6e-05,0.000195,-0.000521,-0.000387,-8.6e-05,-6e-06,5e-05,-9.9e-05,2e-06,0.000244,0.000303,0.000177,-0.000542,-0.000126,-5.7e-05,-0.000559,-0.000435,-0.000452,-0.000217,-0.000366,-0.000557,-0.00053,-8.4e-05,-0.000128,-0.000303,-0.0002,-0.000406,0.000273,-0.000286,-0.000122,-0.000555,-6.5e-05,-0.000343,-9.7e-05,-0.000284,-0.000109,-0.000128,-5.7e-05,-0.000196,-0.00058,-0.000988,-0.000751,-0.000477,-0.000357,8e-05,-0.001001,-0.001202,-0.000523,-0.000288,4.8e-05,-0.000479,-0.000513,-0.000183,6.3e-05,-0.000238,-0.000134,-0.000401,-0.000357,0.000124,-0.000174,-0.000183,8e-05,-0.000107,-7.2e-05,8e-06,-0.000458,1.9e-05,-3.2e-05,-0.000549,-0.000206,0.000149,0.000578,diem,tanah_kering,diem
-0.000137,-0.000607,-4e-05,-0.000511,-0.000607,-0.001051,-0.000675,0.00021,-0.000311,-0.000233,-0.000231,0.000517,0.001446,-0.000675,-0.000912,-0.000509,-5.7e-05,0.000175,-0.000801,0.000156,0.000851,-0.000248,-0.000708,0.000589,0.00017,0.000481,0.000221,-0.000967,-0.001091,-0.000427,0.000307,-0.000202,-0.001774,0.000664,-0.001556,-0.001169,-5.7e-05,-0.000433,-0.000902,0.000231,-0.000195,2.7e-05,0.000212,0.000156,0.000267,-0.000322,6e-06,-0.000408,-0.000305,-0.000448,-0.000412,0.000595,0.003103,0.00305,0.000484,-0.00165,0.000822,0.000343,-0.000671,-0.00256,-0.002876,-0.000519,0.001009,-0.000906,-0.001017,-0.00065,0.000257,0.000134,-0.000153,-0.000217,0.000271,0.000141,0.000187,8e-06,-8.2e-05,-0.000425,-0.000166,0.000349,0.000526,-0.000326,7.2e-05,-0.000202,-0.000113,6.1e-05,-0.000872,-0.000357,-0.000385,-0.000431,-0.000311,0.000153,-7.2e-05,-0.000568,-0.000332,0.000313,-8.6e-05,0.000195,-0.000521,-0.000387,-8.6e-05,-6e-06,5e-05,-9.9e-05,2e-06,0.000244,0.000303,0.000177,-0.000542,-0.000126,-5.7e-05,-0.000559,-0.000435,-0.000452,-0.000217,-0.000366,-0.000557,-0.00053,-8.4e-05,-0.000128,-0.000303,-0.0002,-0.000406,0.000273,-0.000286,-0.000122,-0.000555,-6.5e-05,-0.000343,-9.7e-05,-0.000284,-0.000109,-0.000128,-5.7e-05,-0.000196,-0.00058,-0.000988,-0.000751,-0.000477,-0.000357,8e-05,-0.001001,-0.001202,-0.000523,-0.000288,4.8e-05,-0.000479,-0.000513,-0.000183,6.3e-05,-0.000238,-0.000134,-0.000401,-0.000357,0.000124,-0.000174,-0.000183,8e-05,-0.000107,-7.2e-05,8e-06,-0.000458,1.9e-05,-3.2e-05,-0.000549,-0.000206,0.000149,0.000578,-0.000214,-0.000252,-8.2e-05,-9.7e-05,-2.5e-05,-0.000515,0.000334,-0.000156,-0.000156,-0.000423,-0.000202,-0.000248,-0.000141,0.000175,-4.4e-05,-0.000221,-3.4e-05,-0.000559,-0.000288,-0.000322,-0.000372,0.000603,-0.00032,0.000143,9.3e-05,0.000273,0.000734,-0.000387,-0.000303,-0.000132,0.000669,-0.000273,-0.000101,1.1e-05,-0.000267,-8.4e-05,-0.000208,-7.6e-05,-0.000214,-0.000498,-0.00033,0.000311,-2e-06,-4.6e-05,-0.000204,0.000151,6.1e-05,-8.4e-05,-0.000326,-6.5e-05,-0.000505,-2.7e-05,-0.00016,-0.000109,-0.000547,-0.000313,-0.000614,-0.000465,-0.000313,-0.000391,-0.000467,9.2e-05,-0.000196,-0.000311,0.000149,-0.000122,-0.000271,-0.00046,-0.00025,0.000166,9e-05,6.3e-05,0.00021,-0.000237,-7.8e-05,9.9e-05,0.000727,0.00013,-0.000147,6.9e-05,-0.000362,5.5e-05,-0.000391,-0.000444,0.000172,-0.000639,-0.000183,-0.000143,-0.000101,-3.2e-05,diem,tanah_kering,diem
-7.2e-05,-0.000568,-0.000332,0.000313,-8.6e-05,0.000195,-0.000521,-0.000387,-8.6e-05,-6e-06,5e-05,-9.9e-05,2e-06,0.000244,0.000303,0.000177,-0.000542,-0.000126,-5.7e-05,-0.000559,-0.000435,-0.000452,-0.000217,-0.000366,-0.000557,-0.00053,-8.4e-05,-0.000128,-0.000303,-0.0002,-0.000406,0.000273,-0.000286,-0.000122,-0.000555,-6.5e-05,-0.000343,-9.7e-05,-0.000284,-0.000109,-0.000128,-5.7e-05,-0.000196,-0.00058,-0.000988,-0.000751,-0.000477,-0.000357,8e-05,-0.001001,-0.001202,-0.000523,-0.000288,4.8e-05,-0.000479,-0.000513,-0.000183,6.3e-05,-0.000238,-0.000134,-0.000401,-0.000357,0.000124,-0.000174,-0.000183,8e-05,-0.000107,-7.2e-05,8e-06,-0.000458,1.9e-05,-3.2e-05,-0.000549,-0.000206,0.000149,0.000578,-0.000214,-0.000252,-8.2e-05,-9.7e-05,-2.5e-05,-0.000515,0.000334,-0.000156,-0.000156,-0.000423,-0.000202,-0.000248,-0.000141,0.000175,-4.4e-05,-0.000221,-3.4e-05,-0.000559,-0.000288,-0.000322,-0.000372,0.000603,-0.00032,0.000143,9.3e-05,0.000273,0.000734,-0.000387,-0.000303,-0.000132,0.000669,-0.000273,-0.000101,1.1e-05,-0.000267,-8.4e-05,-0.000208,-7.6e-05,-0.000214,-0.000498,-0.00033,0.000311,-2e-06,-4.6e-05,-0.000204,0.000151,6.1e-05,-8.4e-05,-0.000326,-6.5e-05,-0.000505,-2.7e-05,-0.00016,-0.000109,-0.000547,-0.000313,-0.000614,-0.000465,-0.000313,-0.000391,-0.000467,9.2e-05,-0.000196,-0.000311,0.000149,-0.000122,-0.000271,-0.00046,-0.00025,0.000166,9e-05,6.3e-05,0.00021,-0.000237,-7.8e-05,9.9e-05,0.000727,0.00013,-0.000147,6.9e-05,-0.000362,5.5e-05,-0.000391,-0.000444,0.000172,-0.000639,-0.000183,-0.000143,-0.000101,-3.2e-05,-0.000114,-0.000763,-0.000284,-0.000338,-0.00032,3.4e-05,-0.000654,-0.000792,-0.000456,0.000963,-0.000187,-0.000208,-0.000385,-0.000294,-9.9e-05,-0.000143,-0.000309,0.000166,-0.000111,-0.000326,-0.0002,-0.000257,-0.000158,-1e-05,-6.9e-05,-0.000256,-0.000563,0.000135,-0.000338,-0.000311,-0.000402,-0.000359,5e-05,6.5e-05,-0.000328,-0.000811,0.000202,-0.000309,-0.00032,0.000137,7.2e-05,-0.000219,0.000793,-0.00074,5.9e-05,-0.000254,-0.00045,-0.000536,-0.000395,-0.000187,-0.00037,-0.00075,-6e-06,-0.00038,0.000278,-0.000435,-0.000395,-6.9e-05,-0.000574,0.00013,-0.000383,2.5e-05,0.000654,2.7e-05,0.000134,-0.000349,0.000753,0.000153,-0.000507,-0.000107,-8e-05,5.1e-05,-0.000402,-9e-05,-0.000162,-0.00017,0.000376,0.00074,-0.000341,-0.000221,-5.3e-05,0.000158,0.000103,-0.000496,0.00032,-3.2e-05,5.7e-05,-9.3e-05,0.000736,-0.00017,diem,tanah_kering,diem
-4.4e-05,-0.000221,-3.4e-05,-0.000559,-0.000288,-0.000322,-0.000372,0.000603,-0.00032,0.000143,9.3e-05,0.000273,0.000734,-0.000387,-0.000303,-0.000132,0.000669,-0.000273,-0.000101,1.1e-05,-0.000267,-8.4e-05,-0.000208,-7.6e-05,-0.000214,-0.000498,-0.00033,0.000311,-2e-06,-4.6e-05,-0.000204,0.000151,6.1e-05,-8.4e-05,-0.000326,-6.5e-05,-0.000505,-2.7e-05,-0.00016,-0.000109,-0.000547,-0.000313,-0.000614,-0.000465,-0.000313,-0.000391,-0.000467,9.2e-05,-0.000196,-0.000311,0.000149,-0.000122,-0.000271,-0.00046,-0.00025,0.000166,9e-05,6.3e-05,0.00021,-0.000237,-7.8e-05,9.9e-05,0.000727,0.00013,-0.000147,6.9e-05,-0.000362,5.5e-05,-0.000391,-0.000444,0.000172,-0.000639,-0.000183,-0.000143,-0.000101,-3.2e-05,-0.000114,-0.000763,-0.000284,-0.000338,-0.00032,3.4e-05,-0.000654,-0.000792,-0.000456,0.000963,-0.000187,-0.000208,-0.000385,-0.000294,-9.9e-05,-0.000143,-0.000309,0.000166,-0.000111,-0.000326,-0.0002,-0.000257,-0.000158,-1e-05,-6.9e-05,-0.000256,-0.000563,0.000135,-0.000338,-0.000311,-0.000402,-0.000359,5e-05,6.5e-05,-0.000328,-0.000811,0.000202,-0.000309,-0.00032,0.000137,7.2e-05,-0.000219,0.000793,-0.00074,5.9e-05,-0.000254,-0.00045,-0.000536,-0.000395,-0.000187,-0.00037,-0.00075,-6e-06,-0.00038,0.000278,-0.000435,-0.000395,-6.9e-05,-0.000574,0.00013,-0.000383,2.5e-05,0.000654,2.7e-05,0.000134,-0.000349,0.000753,0.000153,-0.000507,-0.000107,-8e-05,5.1e-05,-0.000402,-9e-05,-0.000162,-0.00017,0.000376,0.00074,-0.000341,-0.000221,-5.3e-05,0.000158,0.000103,-0.000496,0.00032,-3.2e-05,5.7e-05,-9.3e-05,0.000736,-0.00017,-0.000332,-0.000387,-0.000177,-0.000139,-5.3e-05,-0.000139,-0.000277,6.1e-05,-0.000589,0.000496,-0.000338,-0.000158,-1.3e-05,0.000696,-0.000242,-0.000296,0.000538,-0.000164,-0.000128,-0.000328,-0.000109,0.000679,-0.000357,0.000349,0.000608,0.001186,-0.000296,0.000284,0.001247,-0.000219,-0.000357,-2.7e-05,-0.000149,-0.000208,-0.000357,0.00041,0.000395,-9e-05,0.000319,0.000391,-5.9e-05,2.3e-05,-9.9e-05,-0.000399,-0.000387,-0.000189,-0.000223,-0.00033,-0.000196,8.2e-05,-0.000343,-0.000422,-0.000238,-9.9e-05,-0.000294,-0.000137,-0.000317,-0.000391,0.000338,-0.000305,-0.000319,0.000572,-0.000492,0.000162,-2.1e-05,-0.000269,0.000397,-0.000269,-0.000477,-0.000349,-7.2e-05,-0.000162,-0.000261,0.001051,0.000238,-0.000166,0.000511,-0.000359,-0.000467,-0.000212,0.000139,4.2e-05,-0.000225,-2.9e-05,-5.3e-05,-0.00034,0.000147,0.000624,0.000664,-0.000408,diem,tanah_kering,diem
-9.9e-05,-0.000143,-0.000309,0.000166,-0.000111,-0.000326,-0.0002,-0.000257,-0.000158,-1e-05,-6.9e-05,-0.000256,-0.000563,0.000135,-0.000338,-0.000311,-0.000402,-0.000359,5e-05,6.5e-05,-0.000328,-0.000811,0.000202,-0.000309,-0.00032,0.000137,7.2e-05,-0.000219,0.000793,-0.00074,5.9e-05,-0.000254,-0.00045,-0.000536,-0.000395,-0.000187,-0.00037,-0.00075,-6e-06,-0.00038,0.000278,-0.000435,-0.000395,-6.9e-05,-0.000574,0.00013,-0.000383,2.5e-05,0.000654,2.7e-05,0.000134,-0.000349,0.000753,0.000153,-0.000507,-0.000107,-8e-05,5.1e-05,-0.000402,-9e-05,-0.000162,-0.00017,0.000376,0.00074,-0.000341,-0.000221,-5.3e-05,0.000158,0.000103,-0.000496,0.00032,-3.2e-05,5.7e-05,-9.3e-05,0.000736,-0.00017,-0.000332,-0.000387,-0.000177,-0.000139,-5.3e-05,-0.000139,-0.000277,6.1e-05,-0.000589,0.000496,-0.000338,-0.000158,-1.3e-05,0.000696,-0.000242,-0.000296,0.000538,-0.000164,-0.000128,-0.000328,-0.000109,0.000679,-0.000357,0.000349,0.000608,0.001186,-0.000296,0.000284,0.001247,-0.000219,-0.000357,-2.7e-05,-0.000149,-0.000208,-0.000357,0.00041,0.000395,-9e-05,0.000319,0.000391,-5.9e-05,2.3e-05,-9.9e-05,-0.000399,-0.000387,-0.000189,-0.000223,-0.00033,-0.000196,8.2e-05,-0.000343,-0.000422,-0.000238,-9.9e-05,-0.000294,-0.000137,-0.000317,-0.000391,0.000338,-0.000305,-0.000319,0.000572,-0.000492,0.000162,-2.1e-05,-0.000269,0.000397,-0.000269,-0.000477,-0.000349,-7.2e-05,-0.000162,-0.000261,0.001051,0.000238,-0.000166,0.000511,-0.000359,-0.000467,-0.000212,0.000139,4.2e-05,-0.000225,-2.9e-05,-5.3e-05,-0.00034,0.000147,0.000624,0.000664,-0.000408,-0.000523,-0.000301,0.000107,-0.000114,-0.000544,-4.2e-05,-0.000162,-0.000437,-0.000317,-0.000456,0.000807,5.1e-05,-0.000343,-0.000257,-0.000217,-0.000431,-0.000587,-0.000429,-0.000633,0.000387,-0.000183,-0.000135,-0.000141,-0.000263,-2.9e-05,-3.1e-05,-0.000238,-0.00016,-8.8e-05,-0.000118,-0.000347,-0.000433,0.000639,-0.000336,-4.4e-05,1.3e-05,-0.00012,-4.2e-05,-0.000229,-7.8e-05,0.000425,-0.000317,-0.000578,0.00091,0.000654,0.000519,-0.000189,0.00045,-0.000154,0.00029,-8e-05,-0.000124,-0.000528,-0.00041,0.000418,-0.000179,-0.00045,-0.000603,-0.00017,-1.3e-05,2.7e-05,0.000284,-0.000378,-0.00057,-0.000208,0.000214,-0.000374,0.000147,-9.9e-05,-0.000605,0.000576,-6.1e-05,-0.000139,0.000372,0.000715,-0.00021,-0.000341,0.000759,8.8e-05,-0.00036,-0.000948,0.00028,-0.000248,-0.000265,-0.000488,-0.000648,-0.000296,2e-06,7.8e-05,-0.00034,diem,tanah_kering,diem
-0.000242,-0.000296,0.000538,-0.000164,-0.000128,-0.000328,-0.000109,0.000679,-0.000357,0.000349,0.000608,0.001186,-0.000296,0.000284,0.001247,-0.000219,-0.000357,-2.7e-05,-0.000149,-0.000208,-0.000357,0.00041,0.000395,-9e-05,0.000319,0.000391,-5.9e-05,2.3e-05,-9.9e-05,-0.000399,-0.000387,-0.000189,-0.000223,-0.00033,-0.000196,8.2e-05,-0.000343,-0.000422,-0.000238,-9.9e-05,-0.000294,-0.000137,-0.000317,-0.000391,0.000338,-0.000305,-0.000319,0.000572,-0.000492,0.000162,-2.1e-05,-0.000269,0.000397,-0.000269,-0.000477,-0.000349,-7.2e-05,-0.000162,-0.000261,0.001051,0.000238,-0.000166,0.000511,-0.000359,-0.000467,-0.000212,0.000139,4.2e-05,-0.000225,-2.9e-05,-5.3e-05,-0.00034,0.000147,0.000624,0.000664,-0.000408,-0.000523,-0.000301,0.000107,-0.000114,-0.000544,-4.2e-05,-0.000162,-0.000437,-0.000317,-0.000456,0.000807,5.1e-05,-0.000343,-0.000257,-0.000217,-0.000431,-0.000587,-0.000429,-0.000633,0.000387,-0.000183,-0.000135,-0.000141,-0.000263,-2.9e-05,-3.1e-05,-0.000238,-0.00016,-8.8e-05,-0.000118,-0.000347,-0.000433,0.000639,-0.000336,-4.4e-05,1.3e-05,-0.00012,-4.2e-05,-0.000229,-7.8e-05,0.000425,-0.000317,-0.000578,0.00091,0.000654,0.000519,-0.000189,0.00045,-0.000154,0.00029,-8e-05,-0.000124,-0.000528,-0.00041,0.000418,-0.000179,-0.00045,-0.000603,-0.00017,-1.3e-05,2.7e-05,0.000284,-0.000378,-0.00057,-0.000208,0.000214,-0.000374,0.000147,-9.9e-05,-0.000605,0.000576,-6.1e-05,-0.000139,0.000372,0.000715,-0.00021,-0.000341,0.000759,8.8e-05,-0.00036,-0.000948,0.00028,-0.000248,-0.000265,-0.000488,-0.000648,-0.000296,2e-06,7.8e-05,-0.00034,-0.000225,-0.000874,-0.000454,-0.00041,-0.000444,-0.000181,-2.7e-05,-0.000219,2.5e-05,-2e-06,0.000301,-0.000868,-0.000374,-0.000347,-0.000139,-0.00042,-0.000223,0.000343,-9e-05,-0.000149,-0.00034,-0.00034,-0.000437,-0.000248,-0.000139,9.5e-05,-0.000418,-0.000446,-7.6e-05,-0.000418,-0.000141,-5.9e-05,-0.000624,-1.5e-05,-9.7e-05,0.000235,-0.000431,-0.00032,-1.5e-05,-0.000439,-0.00045,-0.000319,-0.000322,5.3e-05,-0.000849,-0.000578,-0.000317,0.000406,0.000338,-0.000616,-0.000189,0.00095,-0.000351,-0.000549,-0.000137,0.000643,-0.000372,0.000168,-0.000391,0.000164,-0.000677,2.9e-05,0.00049,-0.000416,-0.000141,2.7e-05,-0.000107,-0.000153,-0.000223,-9.5e-05,-0.00042,-0.000479,0.00016,-0.000219,0.000374,-0.000444,-0.000191,-5.5e-05,-0.000317,-9.5e-05,-0.00041,-8e-05,-0.000164,-8e-06,-0.00045,-9e-05,-0.000547,-0.000181,-6.5e-05,2.5e-05,diem,tanah_kering,diem
-0.000217,-0.000431,-0.000587,-0.000429,-0.000633,0.000387,-0.000183,-0.000135,-0.000141,-0.000263,-2.9e-05,-3.1e-05,-0.000238,-0.00016,-8.8e-05,-0.000118,-0.000347,-0.000433,0.000639,-0.000336,-4.4e-05,1.3e-05,-0.00012,-4.2e-05,-0.000229,-7.8e-05,0.000425,-0.000317,-0.000578,0.00091,0.000654,0.000519,-0.000189,0.00045,-0.000154,0.00029,-8e-05,-0.000124,-0.000528,-0.00041,0.000418,-0.000179,-0.00045,-0.000603,-0.00017,-1.3e-05,2.7e-05,0.000284,-0.000378,-0.00057,-0.000208,0.000214,-0.000374,0.000147,-9.9e-05,-0.000605,0.000576,-6.1e-05,-0.000139,0.000372,0.000715,-0.00021,-0.000341,0.000759,8.8e-05,-0.00036,-0.000948,0.00028,-0.000248,-0.000265,-0.000488,-0.000648,-0.000296,2e-06,7.8e-05,-0.00034,-0.000225,-0.000874,-0.000454,-0.00041,-0.000444,-0.000181,-2.7e-05,-0.000219,2.5e-05,-2e-06,0.000301,-0.000868,-0.000374,-0.000347,-0.000139,-0.00042,-0.000223,0.000343,-9e-05,-0.000149,-0.00034,-0.00034,-0.000437,-0.000248,-0.000139,9.5e-05,-0.000418,-0.000446,-7.6e-05,-0.000418,-0.000141,-5.9e-05,-0.000624,-1.5e-05,-9.7e-05,0.000235,-0.000431,-0.00032,-1.5e-05,-0.000439,-0.00045,-0.000319,-0.000322,5.3e-05,-0.000849,-0.000578,-0.000317,0.000406,0.000338,-0.000616,-0.000189,0.00095,-0.000351,-0.000549,-0.000137,0.000643,-0.000372,0.000168,-0.000391,0.000164,-0.000677,2.9e-05,0.00049,-0.000416,-0.000141,2.7e-05,-0.000107,-0.000153,-0.000223,-9.5e-05,-0.00042,-0.000479,0.00016,-0.000219,0.000374,-0.000444,-0.000191,-5.5e-05,-0.000317,-9.5e-05,-0.00041,-8e-05,-0.000164,-8e-06,-0.00045,-9e-05,-0.000547,-0.000181,-6.5e-05,2.5e-05,-0.000132,-0.000568,-0.000437,-0.000183,-0.000452,-2.1e-05,-0.000145,9.2e-05,-0.000257,5.5e-05,0.000212,4e-06,-0.000183,-0.000177,-0.000559,1.5e-05,-0.000355,-0.000652,-9.7e-05,-0.000414,-0.000172,-0.000322,0.000347,-0.00025,0.0,-0.000261,0.0,-0.000702,-0.000761,-0.000315,-9.3e-05,-0.000288,0.000587,-0.000237,-0.000576,-0.000391,0.000416,-6e-06,-0.000443,-0.000389,-0.000288,-0.00021,-0.000158,0.000238,0.000364,0.000357,0.000406,0.000753,-0.000175,-0.000114,-0.000105,-0.000467,-0.000257,-0.000269,0.000114,0.000181,0.00012,-6.5e-05,-0.000576,-0.000683,-0.000233,-0.000164,-6.3e-05,-0.000296,-0.000483,-3.4e-05,3.6e-05,-0.000288,-0.00054,0.000114,5e-05,-0.000738,3.6e-05,0.000168,0.00042,0.000643,0.000151,0.000473,-0.000612,-0.00042,-0.000219,0.000212,0.000132,0.0,-0.000669,0.000101,0.00071,-0.000744,-0.001295,0.002457,diem,tanah_kering,diem
-0.000139,-0.00042,-0.000223,0.000343,-9e-05,-0.000149,-0.00034,-0.00034,-0.000437,-0.000248,-0.000139,9.5e-05,-0.000418,-0.000446,-7.6e-05,-0.000418,-0.000141,-5.9e-05,-0.000624,-1.5e-05,-9.7e-05,0.000235,-0.000431,-0.00032,-1.5e-05,-0.000439,-0.00045,-0.000319,-0.000322,5.3e-05,-0.000849,-0.000578,-0.000317,0.000406,0.000338,-0.000616,-0.000189,0.00095,-0.000351,-0.000549,-0.000137,0.000643,-0.000372,0.000168,-0.000391,0.000164,-0.000677,2.9e-05,0.00049,-0.000416,-0.000141,2.7e-05,-0.000107,-0.000153,-0.000223,-9.5e-05,-0.00042,-0.000479,0.00016,-0.000219,0.000374,-0.000444,-0.000191,-5.5e-05,-0.000317,-9.5e-05,-0.00041,-8e-05,-0.000164,-8e-06,-0.00045,-9e-05,-0.000547,-0.000181,-6.5e-05,2.5e-05,-0.000132,-0.000568,-0.000437,-0.000183,-0.000452,-2.1e-05,-0.000145,9.2e-05,-0.000257,5.5e-05,0.000212,4e-06,-0.000183,-0.000177,-0.000559,1.5e-05,-0.000355,-0.000652,-9.7e-05,-0.000414,-0.000172,-0.000322,0.000347,-0.00025,0.0,-0.000261,0.0,-0.000702,-0.000761,-0.000315,-9.3e-05,-0.000288,0.000587,-0.000237,-0.000576,-0.000391,0.000416,-6e-06,-0.000443,-0.000389,-0.000288,-0.00021,-0.000158,0.000238,0.000364,0.000357,0.000406,0.000753,-0.000175,-0.000114,-0.000105,-0.000467,-0.000257,-0.000269,0.000114,0.000181,0.00012,-6.5e-05,-0.000576,-0.000683,-0.000233,-0.000164,-6.3e-05,-0.000296,-0.000483,-3.4e-05,3.6e-05,-0.000288,-0.00054,0.000114,5e-05,-0.000738,3.6e-05,0.000168,0.00042,0.000643,0.000151,0.000473,-0.000612,-0.00042,-0.000219,0.000212,0.000132,0.0,-0.000669,0.000101,0.00071,-0.000744,-0.001295,0.002457,0.000206,-0.000467,-0.000111,-0.000607,-0.000277,-6.9e-05,-0.000484,-0.000412,-0.000437,0.000383,6.5e-05,0.000479,0.000118,7.8e-05,-0.000126,-0.000734,-0.000732,8e-06,0.000437,-0.001104,0.001307,0.000261,0.001072,0.000305,-0.001465,0.00083,-0.000345,-0.00087,-6.3e-05,-0.000673,0.00025,0.000338,0.000563,-0.000313,-0.001059,-0.000673,-0.000477,0.000462,-0.001768,0.000202,-0.000734,-0.000116,0.000364,0.000399,-0.000292,0.000584,0.000353,-3.4e-05,-0.001055,0.001093,0.000149,0.000254,2.9e-05,0.000175,-0.001535,0.000288,-0.000338,0.000195,-6.5e-05,-9.3e-05,0.000315,-0.001257,-0.0002,0.000126,-0.000849,-0.000132,-3.8e-05,-0.001101,-2.5e-05,-0.00034,-0.001457,3.6e-05,-4.4e-05,-0.000582,-3.2e-05,0.000271,0.00042,0.000164,0.000959,0.000238,9.7e-05,0.001858,0.000753,0.000666,-6.9e-05,0.000534,2.5e-05,-7.1e-05,-0.000414,-0.000378,diem,tanah_kering,diem
-0.000559,1.5e-05,-0.000355,-0.000652,-9.7e-05,-0.000414,-0.000172,-0.000322,0.000347,-0.00025,0.0,-0.000261,0.0,-0.000702,-0.000761,-0.000315,-9.3e-05,-0.000288,0.000587,-0.000237,-0.000576,-0.000391,0.000416,-6e-06,-0.000443,-0.000389,-0.000288,-0.00021,-0.000158,0.000238,0.000364,0.000357,0.000406,0.000753,-0.000175,-0.000114,-0.000105,-0.000467,-0.000257,-0.000269,0.000114,0.000181,0.00012,-6.5e-05,-0.000576,-0.000683,-0.000233,-0.000164,-6.3e-05,-0.000296,-0.000483,-3.4e-05,3.6e-05,-0.000288,-0.00054,0.000114,5e-05,-0.000738,3.6e-05,0.000168,0.00042,0.000643,0.000151,0.000473,-0.000612,-0.00042,-0.000219,0.000212,0.000132,0.0,-0.000669,0.000101,0.00071,-0.000744,-0.001295,0.002457,0.000206,-0.000467,-0.000111,-0.000607,-0.000277,-6.9e-05,-0.000484,-0.000412,-0.000437,0.000383,6.5e-05,0.000479,0.000118,7.8e-05,-0.000126,-0.000734,-0.000732,8e-06,0.000437,-0.001104,0.001307,0.000261,0.001072,0.000305,-0.001465,0.00083,-0.000345,-0.00087,-6.3e-05,-0.000673,0.00025,0.000338,0.000563,-0.000313,-0.001059,-0.000673,-0.000477,0.000462,-0.001768,0.000202,-0.000734,-0.000116,0.000364,0.000399,-0.000292,0.000584,0.000353,-3.4e-05,-0.001055,0.001093,0.000149,0.000254,2.9e-05,0.000175,-0.001535,0.000288,-0.000338,0.000195,-6.5e-05,-9.3e-05,0.000315,-0.001257,-0.0002,0.000126,-0.000849,-0.000132,-3.8e-05,-0.001101,-2.5e-05,-0.00034,-0.001457,3.6e-05,-4.4e-05,-0.000582,-3.2e-05,0.000271,0.00042,0.000164,0.000959,0.000238,9.7e-05,0.001858,0.000753,0.000666,-6.9e-05,0.000534,2.5e-05,-7.1e-05,-0.000414,-0.000378,0.000128,-1e-05,6.3e-05,0.000174,-1.9e-05,0.000248,3.8e-05,-0.00024,-0.001516,0.000458,4.6e-05,-0.00036,-0.000811,-0.000561,0.000526,-0.000544,-0.000559,-4.8e-05,-0.000526,-0.000355,-0.000484,-0.000929,0.000294,0.000219,0.000755,-0.000172,-0.000252,0.000818,0.001434,0.000748,-0.000401,-0.000586,-0.000198,-0.000328,-0.000443,-0.000351,-0.000912,1.5e-05,-0.000599,-0.000257,-0.000164,-0.000381,-0.000858,0.000111,-8.6e-05,0.000242,-0.000662,-0.000219,0.000265,-0.000219,-0.000223,-0.000845,0.000681,-0.000448,2.1e-05,-0.000528,9e-05,0.000607,-0.000683,0.000582,0.001148,-2.7e-05,4e-06,0.000357,0.001083,-0.000484,-0.000116,1.7e-05,-0.001389,0.000772,5.7e-05,-0.001648,0.00057,-0.000763,0.000515,-8e-05,-0.000122,0.000153,-0.001392,0.000109,4.2e-05,0.00123,0.000645,0.000473,-0.00033,7.1e-05,-0.000267,0.000298,0.000183,0.000444,diem,tanah_kering,diem
-0.000126,-0.000734,-0.000732,8e-06,0.000437,-0.001104,0.001307,0.000261,0.001072,0.000305,-0.001465,0.00083,-0.000345,-0.00087,-6.3e-05,-0.000673,0.00025,0.000338,0.000563,-0.000313,-0.001059,-0.000673,-0.000477,0.000462,-0.001768,0.000202,-0.000734,-0.000116,0.000364,0.000399,-0.000292,0.000584,0.000353,-3.4e-05,-0.001055,0.001093,0.000149,0.000254,2.9e-05,0.000175,-0.001535,0.000288,-0.000338,0.000195,-6.5e-05,-9.3e-05,0.000315,-0.001257,-0.0002,0.000126,-0.000849,-0.000132,-3.8e-05,-0.001101,-2.5e-05,-0.00034,-0.001457,3.6e-05,-4.4e-05,-0.000582,-3.2e-05,0.000271,0.00042,0.000164,0.000959,0.000238,9.7e-05,0.001858,0.000753,0.000666,-6.9e-05,0.000534,2.5e-05,-7.1e-05,-0.000414,-0.000378,0.000128,-1e-05,6.3e-05,0.000174,-1.9e-05,0.000248,3.8e-05,-0.00024,-0.001516,0.000458,4.6e-05,-0.00036,-0.000811,-0.000561,0.000526,-0.000544,-0.000559,-4.8e-05,-0.000526,-0.000355,-0.000484,-0.000929,0.000294,0.000219,0.000755,-0.000172,-0.000252,0.000818,0.001434,0.000748,-0.000401,-0.000586,-0.000198,-0.000328,-0.000443,-0.000351,-0.000912,1.5e-05,-0.000599,-0.000257,-0.000164,-0.000381,-0.000858,0.000111,-8.6e-05,0.000242,-0.000662,-0.000219,0.000265,-0.000219,-0.000223,-0.000845,0.000681,-0.000448,2.1e-05,-0.000528,9e-05,0.000607,-0.000683,0.000582,0.001148,-2.7e-05,4e-06,0.000357,0.001083,-0.000484,-0.000116,1.7e-05,-0.001389,0.000772,5.7e-05,-0.001648,0.00057,-0.000763,0.000515,-8e-05,-0.000122,0.000153,-0.001392,0.000109,4.2e-05,0.00123,0.000645,0.000473,-0.00033,7.1e-05,-0.000267,0.000298,0.000183,0.000444,-4.4e-05,0.001657,-0.000311,-0.001209,0.00112,-0.000204,-0.001635,-2.3e-05,-0.001318,0.001989,0.003012,0.000154,-0.000593,0.000427,-0.000372,-7.8e-05,-0.000343,-0.00124,-0.000374,-1.3e-05,-0.000597,-4.2e-05,-0.000158,-0.000427,-0.000828,-0.000439,-5.9e-05,2.1e-05,-0.000463,-0.000475,0.000143,-0.0007,-0.000607,-0.000191,-0.000471,0.000334,-0.000732,-0.000204,-0.000248,4.2e-05,-7.1e-05,0.000776,0.00017,0.001341,-0.000114,0.000198,-0.000624,0.000664,0.001146,-0.001074,0.000431,-0.000416,-0.001093,-0.000206,-0.000528,-0.000355,-0.000809,0.00028,-4.2e-05,-3.8e-05,0.000689,0.000254,0.001123,0.002266,-0.000841,0.001059,0.000717,-0.00029,-0.003864,-0.000172,-2.5e-05,0.001129,0.001093,-0.000336,0.00102,-6.5e-05,-0.000719,0.000694,-0.000216,-0.00024,-7.4e-05,-5e-05,-5.5e-05,-0.00037,-0.002361,-0.002893,-0.000677,-0.001842,0.000322,-0.00057,diem,tanah_kering,diem
0.000526,-0.000544,-0.000559,-4.8e-05,-0.000526,-0.000355,-0.000484,-0.000929,0.000294,0.000219,0.000755,-0.000172,-0.000252,0.000818,0.001434,0.000748,-0.000401,-0.000586,-0.000198,-0.000328,-0.000443,-0.000351,-0.000912,1.5e-05,-0.000599,-0.000257,-0.000164,-0.000381,-0.000858,0.000111,-8.6e-05,0.000242,-0.000662,-0.000219,0.000265,-0.000219,-0.000223,-0.000845,0.000681,-0.000448,2.1e-05,-0.000528,9e-05,0.000607,-0.000683,0.000582,0.001148,-2.7e-05,4e-06,0.000357,0.001083,-0.000484,-0.000116,1.7e-05,-0.001389,0.000772,5.7e-05,-0.001648,0.00057,-0.000763,0.000515,-8e-05,-0.000122,0.000153,-0.001392,0.000109,4.2e-05,0.00123,0.000645,0.000473,-0.00033,7.1e-05,-0.000267,0.000298,0.000183,0.000444,-4.4e-05,0.001657,-0.000311,-0.001209,0.00112,-0.000204,-0.001635,-2.3e-05,-0.001318,0.001989,0.003012,0.000154,-0.000593,0.000427,-0.000372,-7.8e-05,-0.000343,-0.00124,-0.000374,-1.3e-05,-0.000597,-4.2e-05,-0.000158,-0.000427,-0.000828,-0.000439,-5.9e-05,2.1e-05,-0.000463,-0.000475,0.000143,-0.0007,-0.000607,-0.000191,-0.000471,0.000334,-0.000732,-0.000204,-0.000248,4.2e-05,-7.1e-05,0.000776,0.00017,0.001341,-0.000114,0.000198,-0.000624,0.000664,0.001146,-0.001074,0.000431,-0.000416,-0.001093,-0.000206,-0.000528,-0.000355,-0.000809,0.00028,-4.2e-05,-3.8e-05,0.000689,0.000254,0.001123,0.002266,-0.000841,0.001059,0.000717,-0.00029,-0.003864,-0.000172,-2.5e-05,0.001129,0.001093,-0.000336,0.00102,-6.5e-05,-0.000719,0.000694,-0.000216,-0.00024,-7.4e-05,-5e-05,-5.5e-05,-0.00037,-0.002361,-0.002893,-0.000677,-0.001842,0.000322,-0.00057,0.003111,-0.002113,-0.000803,0.001371,0.004192,-0.000973,-0.000444,0.00024,-0.000845,0.000986,0.0016,0.000393,-0.000555,-0.000151,0.000227,0.000473,-0.000679,4.4e-05,-0.000132,-0.000271,-0.000399,0.000177,-0.000113,0.000252,-0.000223,0.001812,-0.000132,0.001015,-0.000114,0.000196,-0.000263,-0.000185,-0.001043,0.000162,0.000725,0.001257,0.000311,0.000372,-0.000322,-7.2e-05,-2.9e-05,-7.8e-05,-0.000889,0.000116,-0.000626,0.000389,0.000374,-0.000666,-0.000408,-0.000101,-0.000401,4e-05,-0.000481,-0.000671,-0.00033,-0.000107,-0.00021,0.000153,0.000185,0.000475,-9.7e-05,0.000761,3.4e-05,-0.000553,0.000416,0.000366,-0.000568,-0.000456,-0.000305,0.00074,-5.7e-05,0.000355,-0.000549,3.6e-05,-0.000427,-0.000612,-0.000519,-0.000103,0.000923,-0.000317,-0.000244,-0.001299,-0.000648,3.6e-05,0.000349,0.000341,-0.000875,-0.001043,0.000635,3.8e-05,diem,tanah_kering,diem
-0.000372,-7.8e-05,-0.000343,-0.00124,-0.000374,-1.3e-05,-0.000597,-4.2e-05,-0.000158,-0.000427,-0.000828,-0.000439,-5.9e-05,2.1e-05,-0.000463,-0.000475,0.000143,-0.0007,-0.000607,-0.000191,-0.000471,0.000334,-0.000732,-0.000204,-0.000248,4.2e-05,-7.1e-05,0.000776,0.00017,0.001341,-0.000114,0.000198,-0.000624,0.000664,0.001146,-0.001074,0.000431,-0.000416,-0.001093,-0.000206,-0.000528,-0.000355,-0.000809,0.00028,-4.2e-05,-3.8e-05,0.000689,0.000254,0.001123,0.002266,-0.000841,0.001059,0.000717,-0.00029,-0.003864,-0.000172,-2.5e-05,0.001129,0.001093,-0.000336,0.00102,-6.5e-05,-0.000719,0.000694,-0.000216,-0.00024,-7.4e-05,-5e-05,-5.5e-05,-0.00037,-0.002361,-0.002893,-0.000677,-0.001842,0.000322,-0.00057,0.003111,-0.002113,-0.000803,0.001371,0.004192,-0.000973,-0.000444,0.00024,-0.000845,0.000986,0.0016,0.000393,-0.000555,-0.000151,0.000227,0.000473,-0.000679,4.4e-05,-0.000132,-0.000271,-0.000399,0.000177,-0.000113,0.000252,-0.000223,0.001812,-0.000132,0.001015,-0.000114,0.000196,-0.000263,-0.000185,-0.001043,0.000162,0.000725,0.001257,0.000311,0.000372,-0.000322,-7.2e-05,-2.9e-05,-7.8e-05,-0.000889,0.000116,-0.000626,0.000389,0.000374,-0.000666,-0.000408,-0.000101,-0.000401,4e-05,-0.000481,-0.000671,-0.00033,-0.000107,-0.00021,0.000153,0.000185,0.000475,-9.7e-05,0.000761,3.4e-05,-0.000553,0.000416,0.000366,-0.000568,-0.000456,-0.000305,0.00074,-5.7e-05,0.000355,-0.000549,3.6e-05,-0.000427,-0.000612,-0.000519,-0.000103,0.000923,-0.000317,-0.000244,-0.001299,-0.000648,3.6e-05,0.000349,0.000341,-0.000875,-0.001043,0.000635,3.8e-05,-0.000854,-0.001144,-0.000723,7.4e-05,0.000364,0.000347,0.000233,-0.001173,-0.000504,-0.000744,-0.000477,-0.00029,-5e-05,-0.000393,-0.000216,-5.3e-05,-0.000324,7.4e-05,-0.000166,0.000122,-2e-06,0.000107,-0.001068,-3.1e-05,-0.000151,6.5e-05,-0.000147,-0.000254,3.2e-05,0.000109,-7.4e-05,-0.000303,-9.9e-05,-0.000257,0.00046,-0.000257,-0.000185,0.000114,-0.000237,-0.000553,0.000183,-0.000185,0.000381,-0.000517,-0.000114,-0.000391,0.000486,0.000526,0.000185,8.6e-05,-0.000668,-0.000399,-0.000395,8.2e-05,-0.000254,-6.3e-05,0.000183,-0.000753,0.001699,-0.00016,0.000406,-0.000187,-0.000458,0.000237,-0.000204,-0.000713,-0.000414,-9e-05,-0.000269,0.000732,-0.000183,-0.000233,-0.000521,0.000458,0.000254,0.000309,-9.2e-05,-0.00024,-1e-05,0.000124,4e-05,-0.000389,-0.000359,-0.000305,-0.000347,-0.000345,-0.000137,0.000126,-8.8e-05,-4.2e-05,diem,tanah_kering,diem
0.000227,0.000473,-0.000679,4.4e-05,-0.000132,-0.000271,-0.000399,0.000177,-0.000113,0.000252,-0.000223,0.001812,-0.000132,0.001015,-0.000114,0.000196,-0.000263,-0.000185,-0.001043,0.000162,0.000725,0.001257,0.000311,0.000372,-0.000322,-7.2e-05,-2.9e-05,-7.8e-05,-0.000889,0.000116,-0.000626,0.000389,0.000374,-0.000666,-0.000408,-0.000101,-0.000401,4e-05,-0.000481,-0.000671,-0.00033,-0.000107,-0.00021,0.000153,0.000185,0.000475,-9.7e-05,0.000761,3.4e-05,-0.000553,0.000416,0.000366,-0.000568,-0.000456,-0.000305,0.00074,-5.7e-05,0.000355,-0.000549,3.6e-05,-0.000427,-0.000612,-0.000519,-0.000103,0.000923,-0.000317,-0.000244,-0.001299,-0.000648,3.6e-05,0.000349,0.000341,-0.000875,-0.001043,0.000635,3.8e-05,-0.000854,-0.001144,-0.000723,7.4e-05,0.000364,0.000347,0.000233,-0.001173,-0.000504,-0.000744,-0.000477,-0.00029,-5e-05,-0.000393,-0.000216,-5.3e-05,-0.000324,7.4e-05,-0.000166,0.000122,-2e-06,0.000107,-0.001068,-3.1e-05,-0.000151,6.5e-05,-0.000147,-0.000254,3.2e-05,0.000109,-7.4e-05,-0.000303,-9.9e-05,-0.000257,0.00046,-0.000257,-0.000185,0.000114,-0.000237,-0.000553,0.000183,-0.000185,0.000381,-0.000517,-0.000114,-0.000391,0.000486,0.000526,0.000185,8.6e-05,-0.000668,-0.000399,-0.000395,8.2e-05,-0.000254,-6.3e-05,0.000183,-0.000753,0.001699,-0.00016,0.000406,-0.000187,-0.000458,0.000237,-0.000204,-0.000713,-0.000414,-9e-05,-0.000269,0.000732,-0.000183,-0.000233,-0.000521,0.000458,0.000254,0.000309,-9.2e-05,-0.00024,-1e-05,0.000124,4e-05,-0.000389,-0.000359,-0.000305,-0.000347,-0.000345,-0.000137,0.000126,-8.8e-05,-4.2e-05,-4.2e-05,-0.000237,-0.000338,-0.000328,-0.000292,-0.000296,-0.000162,4.6e-05,-9.3e-05,-0.000238,0.000448,0.000578,-0.000217,-0.000519,-0.000319,-0.000406,0.001162,1e-05,0.000441,0.00017,-0.000229,-0.000431,-0.00029,-2.5e-05,-0.000196,3.1e-05,-0.00032,-0.000298,-0.000311,-0.000204,-0.000441,-0.00041,-0.000202,-0.000187,-0.000303,7.4e-05,-6.9e-05,-0.000124,-0.000149,-9.3e-05,-0.000141,-0.000454,-0.00012,0.00016,-0.000261,0.000195,-0.000235,-0.000191,-0.000368,1e-05,0.000408,-0.00024,-0.000156,-0.000216,0.000591,-0.000851,0.000179,-0.000299,0.000151,-0.000313,-0.000736,-0.00049,0.000603,-0.000465,-0.000195,-0.000315,0.000624,-0.000134,-0.000378,1.7e-05,0.000235,-0.000359,-0.000286,-7.4e-05,-0.000286,-0.000109,-0.000237,-0.000357,8.2e-05,-2.3e-05,-0.001444,-0.000681,-0.001017,-0.000963,0.000229,-4.6e-05,-5.9e-05,-0.000603,-0.00038,-0.000107,diem,tanah_kering,diem
-0.000216,-5.3e-05,-0.000324,7.4e-05,-0.000166,0.000122,-2e-06,0.000107,-0.001068,-3.1e-05,-0.000151,6.5e-05,-0.000147,-0.000254,3.2e-05,0.000109,-7.4e-05,-0.000303,-9.9e-05,-0.000257,0.00046,-0.000257,-0.000185,0.000114,-0.000237,-0.000553,0.000183,-0.000185,0.000381,-0.000517,-0.000114,-0.000391,0.000486,0.000526,0.000185,8.6e-05,-0.000668,-0.000399,-0.000395,8.2e-05,-0.000254,-6.3e-05,0.000183,-0.000753,0.001699,-0.00016,0.000406,-0.000187,-0.000458,0.000237,-0.000204,-0.000713,-0.000414,-9e-05,-0.000269,0.000732,-0.000183,-0.000233,-0.000521,0.000458,0.000254,0.000309,-9.2e-05,-0.00024,-1e-05,0.000124,4e-05,-0.000389,-0.000359,-0.000305,-0.000347,-0.000345,-0.000137,0.000126,-8.8e-05,-4.2e-05,-4.2e-05,-0.000237,-0.000338,-0.000328,-0.000292,-0.000296,-0.000162,4.6e-05,-9.3e-05,-0.000238,0.000448,0.000578,-0.000217,-0.000519,-0.000319,-0.000406,0.001162,1e-05,0.000441,0.00017,-0.000229,-0.000431,-0.00029,-2.5e-05,-0.000196,3.1e-05,-0.00032,-0.000298,-0.000311,-0.000204,-0.000441,-0.00041,-0.000202,-0.000187,-0.000303,7.4e-05,-6.9e-05,-0.000124,-0.000149,-9.3e-05,-0.000141,-0.000454,-0.00012,0.00016,-0.000261,0.000195,-0.000235,-0.000191,-0.000368,1e-05,0.000408,-0.00024,-0.000156,-0.000216,0.000591,-0.000851,0.000179,-0.000299,0.000151,-0.000313,-0.000736,-0.00049,0.000603,-0.000465,-0.000195,-0.000315,0.000624,-0.000134,-0.000378,1.7e-05,0.000235,-0.000359,-0.000286,-7.4e-05,-0.000286,-0.000109,-0.000237,-0.000357,8.2e-05,-2.3e-05,-0.001444,-0.000681,-0.001017,-0.000963,0.000229,-4.6e-05,-5.9e-05,-0.000603,-0.00038,-0.000107,-0.000254,0.000202,-0.000319,-7.6e-05,1.3e-05,-0.000111,-0.000366,-0.000216,2.7e-05,-0.000414,-8e-05,-0.000422,-0.000196,0.00075,0.000103,-3.1e-05,-0.000292,0.000731,6.1e-05,-4e-05,-0.00032,-0.000338,-3.2e-05,5.7e-05,-2.7e-05,-0.000198,-0.000135,-0.000187,8.8e-05,-3.2e-05,-0.000132,3.8e-05,0.000158,0.000267,-0.000299,-0.00054,-8.2e-05,-0.000261,-0.000479,-0.000158,0.000471,-2.7e-05,-0.000259,7.2e-05,-0.0002,1.7e-05,-5.3e-05,-0.000303,0.000647,-0.000374,-0.000431,-0.000225,0.0002,-0.000381,-0.000435,-0.000439,-0.000109,-0.000343,-0.000378,5.5e-05,0.000284,-0.000349,-0.00032,-0.000523,-0.000315,-0.000198,-0.000586,0.000505,-9.7e-05,6.9e-05,0.00017,-0.000391,-7.8e-05,-0.000248,-0.000338,0.000601,-0.000372,-0.000296,-0.000301,0.000128,-0.00046,-0.000834,0.000101,-0.000244,-0.000532,-0.000111,0.000219,0.00037,-0.000465,-0.000397,diem,tanah_kering,diem
-0.000319,-0.000406,0.001162,1e-05,0.000441,0.00017,-0.000229,-0.000431,-0.00029,-2.5e-05,-0.000196,3.1e-05,-0.00032,-0.000298,-0.000311,-0.000204,-0.000441,-0.00041,-0.000202,-0.000187,-0.000303,7.4e-05,-6.9e-05,-0.000124,-0.000149,-9.3e-05,-0.000141,-0.000454,-0.00012,0.00016,-0.000261,0.000195,-0.000235,-0.000191,-0.000368,1e-05,0.000408,-0.00024,-0.000156,-0.000216,0.000591,-0.000851,0.000179,-0.000299,0.000151,-0.000313,-0.000736,-0.00049,0.000603,-0.000465,-0.000195,-0.000315,0.000624,-0.000134,-0.000378,1.7e-05,0.000235,-0.000359,-0.000286,-7.4e-05,-0.000286,-0.000109,-0.000237,-0.000357,8.2e-05,-2.3e-05,-0.001444,-0.000681,-0.001017,-0.000963,0.000229,-4.6e-05,-5.9e-05,-0.000603,-0.00038,-0.000107,-0.000254,0.000202,-0.000319,-7.6e-05,1.3e-05,-0.000111,-0.000366,-0.000216,2.7e-05,-0.000414,-8e-05,-0.000422,-0.000196,0.00075,0.000103,-3.1e-05,-0.000292,0.000731,6.1e-05,-4e-05,-0.00032,-0.000338,-3.2e-05,5.7e-05,-2.7e-05,-0.000198,-0.000135,-0.000187,8.8e-05,-3.2e-05,-0.000132,3.8e-05,0.000158,0.000267,-0.000299,-0.00054,-8.2e-05,-0.000261,-0.000479,-0.000158,0.000471,-2.7e-05,-0.000259,7.2e-05,-0.0002,1.7e-05,-5.3e-05,-0.000303,0.000647,-0.000374,-0.000431,-0.000225,0.0002,-0.000381,-0.000435,-0.000439,-0.000109,-0.000343,-0.000378,5.5e-05,0.000284,-0.000349,-0.00032,-0.000523,-0.000315,-0.000198,-0.000586,0.000505,-9.7e-05,6.9e-05,0.00017,-0.000391,-7.8e-05,-0.000248,-0.000338,0.000601,-0.000372,-0.000296,-0.000301,0.000128,-0.00046,-0.000834,0.000101,-0.000244,-0.000532,-0.000111,0.000219,0.00037,-0.000465,-0.000397,-0.00025,-1.3e-05,-0.000456,-0.000153,2e-06,0.000719,-0.000162,-8.4e-05,-0.000292,-0.000254,-0.000422,-6.5e-05,-0.000248,-0.000261,-0.000422,0.000607,-0.000378,-0.000437,-0.000286,-0.000286,-0.00037,-0.000336,-0.000572,-0.000322,-0.000307,-9.2e-05,-0.000128,-0.000271,-0.000223,-0.000219,-0.000259,-0.000383,-0.000254,-9.5e-05,-0.000463,-0.000193,-6.3e-05,-5.3e-05,-8.4e-05,-0.000341,-0.000452,-0.000246,-4.6e-05,-0.000324,-0.000572,-0.000378,-0.000214,0.000143,-0.000227,-1.3e-05,-0.000471,-7.8e-05,-0.000257,0.000246,0.000694,-0.000324,-0.000143,-6.3e-05,-0.000124,-0.000235,-0.000122,-0.000544,-0.000191,-0.000437,-0.000114,2.5e-05,-0.000505,-0.000311,-0.000347,-0.000198,-3.4e-05,-0.000135,0.000803,-0.000385,-0.000748,-0.000301,6.7e-05,-0.000381,-0.000204,-0.00037,-0.000595,-0.000359,-0.000343,-0.000183,-0.000282,-7.4e-05,-1.3e-05,-0.000149,-0.0007,-0.000557,diem,tanah_kering,diem
0.000103,-3.1e-05,-0.000292,0.000731,6.1e-05,-4e-05,-0.00032,-0.000338,-3.2e-05,5.7e-05,-2.7e-05,-0.000198,-0.000135,-0.000187,8.8e-05,-3.2e-05,-0.000132,3.8e-05,0.000158,0.000267,-0.000299,-0.00054,-8.2e-05,-0.000261,-0.000479,-0.000158,0.000471,-2.7e-05,-0.000259,7.2e-05,-0.0002,1.7e-05,-5.3e-05,-0.000303,0.000647,-0.000374,-0.000431,-0.000225,0.0002,-0.000381,-0.000435,-0.000439,-0.000109,-0.000343,-0.000378,5.5e-05,0.000284,-0.000349,-0.00032,-0.000523,-0.000315,-0.000198,-0.000586,0.000505,-9.7e-05,6.9e-05,0.00017,-0.000391,-7.8e-05,-0.000248,-0.000338,0.000601,-0.000372,-0.000296,-0.000301,0.000128,-0.00046,-0.000834,0.000101,-0.000244,-0.000532,-0.000111,0.000219,0.00037,-0.000465,-0.000397,-0.00025,-1.3e-05,-0.000456,-0.000153,2e-06,0.000719,-0.000162,-8.4e-05,-0.000292,-0.000254,-0.000422,-6.5e-05,-0.000248,-0.000261,-0.000422,0.000607,-0.000378,-0.000437,-0.000286,-0.000286,-0.00037,-0.000336,-0.000572,-0.000322,-0.000307,-9.2e-05,-0.000128,-0.000271,-0.000223,-0.000219,-0.000259,-0.000383,-0.000254,-9.5e-05,-0.000463,-0.000193,-6.3e-05,-5.3e-05,-8.4e-05,-0.000341,-0.000452,-0.000246,-4.6e-05,-0.000324,-0.000572,-0.000378,-0.000214,0.000143,-0.000227,-1.3e-05,-0.000471,-7.8e-05,-0.000257,0.000246,0.000694,-0.000324,-0.000143,-6.3e-05,-0.000124,-0.000235,-0.000122,-0.000544,-0.000191,-0.000437,-0.000114,2.5e-05,-0.000505,-0.000311,-0.000347,-0.000198,-3.4e-05,-0.000135,0.000803,-0.000385,-0.000748,-0.000301,6.7e-05,-0.000381,-0.000204,-0.00037,-0.000595,-0.000359,-0.000343,-0.000183,-0.000282,-7.4e-05,-1.3e-05,-0.000149,-0.0007,-0.000557,-0.000433,0.000107,-0.000141,-0.000271,-0.000256,-0.000387,-0.000217,-0.000439,-0.000183,-0.000162,0.000107,0.000149,-0.000237,-0.000357,-0.000631,-0.000412,-0.000212,-0.000418,-0.000107,-0.0002,-0.000162,-0.000319,0.000246,0.000637,-0.000282,-0.000212,-0.000492,-3.8e-05,-0.000141,-0.00037,-9.2e-05,0.000193,2.1e-05,-6.3e-05,7.2e-05,-0.000278,0.000162,-0.000536,-0.000164,4e-06,5.5e-05,-0.000309,-0.000309,-0.000238,7.6e-05,-0.000101,-0.00046,-0.000505,0.000231,-0.000319,-0.000412,-0.00033,-8.6e-05,0.00016,-0.000622,-0.000536,0.000307,0.000168,-0.000149,-0.000713,-0.000275,-0.000137,-5.7e-05,-0.000261,0.000242,-0.000404,-0.00016,-0.000759,-0.000153,0.000505,-0.000425,7.4e-05,0.000118,-0.000444,-1.9e-05,5.1e-05,3.1e-05,-5.1e-05,-0.000315,-0.000925,-3.4e-05,-0.00119,-0.00034,0.00087,1.9e-05,-0.000343,-0.000202,0.00062,-0.000212,-0.000227,diem,tanah_kering,diem
-0.000422,0.000607,-0.000378,-0.000437,-0.000286,-0.000286,-0.00037,-0.000336,-0.000572,-0.000322,-0.000307,-9.2e-05,-0.000128,-0.000271,-0.000223,-0.000219,-0.000259,-0.000383,-0.000254,-9.5e-05,-0.000463,-0.000193,-6.3e-05,-5.3e-05,-8.4e-05,-0.000341,-0.000452,-0.000246,-4.6e-05,-0.000324,-0.000572,-0.000378,-0.000214,0.000143,-0.000227,-1.3e-05,-0.000471,-7.8e-05,-0.000257,0.000246,0.000694,-0.000324,-0.000143,-6.3e-05,-0.000124,-0.000235,-0.000122,-0.000544,-0.000191,-0.000437,-0.000114,2.5e-05,-0.000505,-0.000311,-0.000347,-0.000198,-3.4e-05,-0.000135,0.000803,-0.000385,-0.000748,-0.000301,6.7e-05,-0.000381,-0.000204,-0.00037,-0.000595,-0.000359,-0.000343,-0.000183,-0.000282,-7.4e-05,-1.3e-05,-0.000149,-0.0007,-0.000557,-0.000433,0.000107,-0.000141,-0.000271,-0.000256,-0.000387,-0.000217,-0.000439,-0.000183,-0.000162,0.000107,0.000149,-0.000237,-0.000357,-0.000631,-0.000412,-0.000212,-0.000418,-0.000107,-0.0002,-0.000162,-0.000319,0.000246,0.000637,-0.000282,-0.000212,-0.000492,-3.8e-05,-0.000141,-0.00037,-9.2e-05,0.000193,2.1e-05,-6.3e-05,7.2e-05,-0.000278,0.000162,-0.000536,-0.000164,4e-06,5.5e-05,-0.000309,-0.000309,-0.000238,7.6e-05,-0.000101,-0.00046,-0.000505,0.000231,-0.000319,-0.000412,-0.00033,-8.6e-05,0.00016,-0.000622,-0.000536,0.000307,0.000168,-0.000149,-0.000713,-0.000275,-0.000137,-5.7e-05,-0.000261,0.000242,-0.000404,-0.00016,-0.000759,-0.000153,0.000505,-0.000425,7.4e-05,0.000118,-0.000444,-1.9e-05,5.1e-05,3.1e-05,-5.1e-05,-0.000315,-0.000925,-3.4e-05,-0.00119,-0.00034,0.00087,1.9e-05,-0.000343,-0.000202,0.00062,-0.000212,-0.000227,-0.000273,-0.00065,-0.000774,-0.000299,-2.9e-05,4e-05,-8.8e-05,-0.000389,0.000544,0.000732,3.1e-05,0.000399,-0.000265,-2.7e-05,-0.000963,0.000933,-0.000547,-0.000784,-0.001055,-0.000223,-0.000332,0.000233,-0.000423,-0.00148,-0.000967,-0.000689,-6.7e-05,0.000307,0.000362,-4.8e-05,-0.000479,-0.000126,-0.000418,-0.000181,0.000454,7.4e-05,-0.00083,-0.00016,-8.8e-05,0.000248,-0.001032,0.000214,-0.000612,-0.000181,-0.000711,-0.000446,0.000349,-2e-06,-0.000273,-0.000406,0.000299,-6.5e-05,-0.000116,-0.000319,0.000465,-0.000139,9.7e-05,0.000395,0.001062,-0.000406,-0.000471,0.000151,0.000629,0.000153,-0.000399,-0.000406,0.000338,0.001133,0.000208,-0.000542,-0.000465,4.8e-05,-0.000607,0.000172,-0.000139,0.001699,-0.00058,-0.000402,3.2e-05,0.000435,-0.000183,-0.001017,-0.000326,-0.000469,0.000441,-4e-06,-0.001076,-0.000347,-0.000574,2.1e-05,diem,tanah_kering,diem
-0.000364,0.000198,-0.001091,1.9e-05,-0.000616,-0.002571,-0.003605,0.000687,-0.00061,-7.4e-05,5.9e-05,0.000824,-0.004829,0.00075,0.000313,-0.000517,0.004976,-0.000195,0.00156,1.9e-05,-0.000433,0.000835,-0.000473,-0.014719,-0.005224,-1.7e-05,-0.002468,0.000889,0.001188,0.000273,-0.01009,0.000715,-0.001139,-0.000446,0.000423,-0.013662,-0.001661,0.001816,-0.001274,-0.000162,0.000526,-0.000389,-0.002056,-0.007238,-0.000885,4.6e-05,0.000109,0.000444,0.016718,-0.005133,-6.7e-05,7.1e-05,-8e-06,-0.000174,-0.009338,0.01726,0.003819,0.001038,-0.001381,-0.000158,-0.010403,-0.005241,0.003391,-0.001486,-0.000118,0.000998,2.5e-05,-0.004805,5e-05,-0.000755,-0.000574,-0.014996,-0.001122,-0.005211,0.001146,0.001291,-0.000292,-0.000288,-0.00028,-0.000282,0.000536,-0.002184,0.000669,0.000126,0.000427,-0.000849,0.00897,-0.003363,0.001621,6.1e-05,-0.000134,0.001089,-0.001345,0.016348,-0.002598,-0.000694,-0.001806,-0.000109,0.001598,-0.002974,0.001402,-0.000525,0.006538,0.000751,-0.00053,0.021042,-0.005974,-0.000879,0.000223,0.007919,0.000586,0.005798,-0.001015,0.005838,-0.000793,-0.001318,0.000303,-0.001225,0.001701,-0.002167,-0.001736,-0.003044,-0.001286,0.00017,0.00691,0.003736,-0.000124,0.000414,-0.000635,2.3e-05,0.001608,0.001146,-0.001488,0.000137,0.000221,-0.001165,0.011652,0.001629,-0.002899,0.005901,0.000143,-0.000507,-0.003599,-0.001448,0.002228,-2.5e-05,0.001022,0.000196,-3.1e-05,0.00812,-0.00103,-0.000431,6e-06,6e-06,-0.000607,-0.006058,-0.001162,0.00054,-0.008917,0.00252,-0.008118,0.000275,-0.000591,-0.001242,-0.000433,0.000107,0.001236,0.000439,-0.000656,0.000257,8.2e-05,-0.000156,0.01774,0.002087,-0.000254,-0.000484,0.007523,-0.003687,-0.000574,-0.00177,-6.1e-05,0.000141,0.000105,-0.009016,-0.005903,-0.001352,0.001373,-0.000841,7.6e-05,-0.008198,-0.000751,0.000374,-0.000866,0.006041,0.001137,0.002281,-0.005806,0.00152,-0.000441,-0.000927,0.000824,-0.010609,-0.000181,-0.000891,-0.000792,5.3e-05,0.001585,-0.017527,-0.000435,0.001066,0.003962,0.002302,-0.00013,-0.00141,0.006296,0.005083,-0.000727,-0.000168,0.000593,-0.00038,0.003824,-0.0002,-0.003401,-1.7e-05,-3.1e-05,-0.000826,0.033119,0.000456,-0.002914,-0.000181,0.000206,-0.000452,-0.003447,0.002777,0.002855,0.004436,0.001291,0.000778,-0.00602,0.000746,0.001829,0.013319,-0.004231,-0.00145,0.000525,0.021755,0.001719,-0.000391,0.001059,-0.00242,-0.001329,0.004177,-0.003105,0.000891,-0.000196,-0.000826,jalan,tanah_kering,jalan
-0.000134,0.001089,-0.001345,0.016348,-0.002598,-0.000694,-0.001806,-0.000109,0.001598,-0.002974,0.001402,-0.000525,0.006538,0.000751,-0.00053,0.021042,-0.005974,-0.000879,0.000223,0.007919,0.000586,0.005798,-0.001015,0.005838,-0.000793,-0.001318,0.000303,-0.001225,0.001701,-0.002167,-0.001736,-0.003044,-0.001286,0.00017,0.00691,0.003736,-0.000124,0.000414,-0.000635,2.3e-05,0.001608,0.001146,-0.001488,0.000137,0.000221,-0.001165,0.011652,0.001629,-0.002899,0.005901,0.000143,-0.000507,-0.003599,-0.001448,0.002228,-2.5e-05,0.001022,0.000196,-3.1e-05,0.00812,-0.00103,-0.000431,6e-06,6e-06,-0.000607,-0.006058,-0.001162,0.00054,-0.008917,0.00252,-0.008118,0.000275,-0.000591,-0.001242,-0.000433,0.000107,0.001236,0.000439,-0.000656,0.000257,8.2e-05,-0.000156,0.01774,0.002087,-0.000254,-0.000484,0.007523,-0.003687,-0.000574,-0.00177,-6.1e-05,0.000141,0.000105,-0.009016,-0.005903,-0.001352,0.001373,-0.000841,7.6e-05,-0.008198,-0.000751,0.000374,-0.000866,0.006041,0.001137,0.002281,-0.005806,0.00152,-0.000441,-0.000927,0.000824,-0.010609,-0.000181,-0.000891,-0.000792,5.3e-05,0.001585,-0.017527,-0.000435,0.001066,0.003962,0.002302,-0.00013,-0.00141,0.006296,0.005083,-0.000727,-0.000168,0.000593,-0.00038,0.003824,-0.0002,-0.003401,-1.7e-05,-3.1e-05,-0.000826,0.033119,0.000456,-0.002914,-0.000181,0.000206,-0.000452,-0.003447,0.002777,0.002855,0.004436,0.001291,0.000778,-0.00602,0.000746,0.001829,0.013319,-0.004231,-0.00145,0.000525,0.021755,0.001719,-0.000391,0.001059,-0.00242,-0.001329,0.004177,-0.003105,0.000891,-0.000196,-0.000826,0.000345,0.000931,-0.007504,0.000856,-0.001598,0.007475,-0.001236,-0.0012,-0.011631,-0.000509,-0.000706,0.00032,-0.001913,0.001143,0.002913,-0.00013,0.002911,0.000479,-0.000391,-0.000134,-6.5e-05,0.017862,-0.001024,0.000715,-0.000217,-5.5e-05,9.5e-05,-0.000891,-0.001436,0.000374,-0.000189,-0.000675,-0.001945,0.001764,-0.002169,0.001381,-0.00099,-0.000109,0.001863,0.000618,-0.005226,-0.002127,-0.000586,0.000492,-0.000198,-0.000351,0.001814,-0.002033,-0.000368,-0.000698,0.000248,-0.000225,0.015537,-0.001213,-0.000574,-0.004158,-0.001326,-0.000622,0.001846,-0.002222,0.000168,-0.000811,-0.017925,0.000399,-0.001602,0.004755,-0.000937,0.001932,0.000462,0.000637,0.000235,0.00407,-0.004416,0.000397,-0.000456,2.1e-05,1.7e-05,-0.004877,0.006823,-0.000284,0.000509,-0.000641,-0.000517,0.003189,-0.004477,0.01058,0.001791,-2.9e-05,0.001589,-0.00197,jalan,tanah_kering,jalan
-6.1e-05,0.000141,0.000105,-0.009016,-0.005903,-0.001352,0.001373,-0.000841,7.6e-05,-0.008198,-0.000751,0.000374,-0.000866,0.006041,0.001137,0.002281,-0.005806,0.00152,-0.000441,-0.000927,0.000824,-0.010609,-0.000181,-0.000891,-0.000792,5.3e-05,0.001585,-0.017527,-0.000435,0.001066,0.003962,0.002302,-0.00013,-0.00141,0.006296,0.005083,-0.000727,-0.000168,0.000593,-0.00038,0.003824,-0.0002,-0.003401,-1.7e-05,-3.1e-05,-0.000826,0.033119,0.000456,-0.002914,-0.000181,0.000206,-0.000452,-0.003447,0.002777,0.002855,0.004436,0.001291,0.000778,-0.00602,0.000746,0.001829,0.013319,-0.004231,-0.00145,0.000525,0.021755,0.001719,-0.000391,0.001059,-0.00242,-0.001329,0.004177,-0.003105,0.000891,-0.000196,-0.000826,0.000345,0.000931,-0.007504,0.000856,-0.001598,0.007475,-0.001236,-0.0012,-0.011631,-0.000509,-0.000706,0.00032,-0.001913,0.001143,0.002913,-0.00013,0.002911,0.000479,-0.000391,-0.000134,-6.5e-05,0.017862,-0.001024,0.000715,-0.000217,-5.5e-05,9.5e-05,-0.000891,-0.001436,0.000374,-0.000189,-0.000675,-0.001945,0.001764,-0.002169,0.001381,-0.00099,-0.000109,0.001863,0.000618,-0.005226,-0.002127,-0.000586,0.000492,-0.000198,-0.000351,0.001814,-0.002033,-0.000368,-0.000698,0.000248,-0.000225,0.015537,-0.001213,-0.000574,-0.004158,-0.001326,-0.000622,0.001846,-0.002222,0.000168,-0.000811,-0.017925,0.000399,-0.001602,0.004755,-0.000937,0.001932,0.000462,0.000637,0.000235,0.00407,-0.004416,0.000397,-0.000456,2.1e-05,1.7e-05,-0.004877,0.006823,-0.000284,0.000509,-0.000641,-0.000517,0.003189,-0.004477,0.01058,0.001791,-2.9e-05,0.001589,-0.00197,0.005466,-0.000832,-0.000731,-0.00074,-0.000301,-0.001186,0.018049,0.001108,-1e-05,4.4e-05,0.001366,0.000542,-0.004816,-0.001221,0.002689,-0.000469,-0.000605,0.002468,0.009542,0.001326,0.000521,-0.000555,-0.000414,-0.000359,0.000299,0.002447,-0.002054,0.000332,-0.000605,9.7e-05,-0.000248,-0.002262,-0.00074,-0.000641,0.000467,-0.000443,0.000168,-7.4e-05,-0.002213,-0.001999,0.003004,8e-05,-0.000118,-0.000452,-0.005394,-0.00141,0.006166,0.000267,-0.000916,-0.001045,-0.00042,0.001099,-0.000504,-0.001221,0.002687,0.001741,-9.5e-05,0.013811,0.001072,-0.000261,0.00139,-0.000536,0.000107,-0.000544,-2e-06,-0.005653,-0.001871,-0.001175,-0.000671,-0.00091,-5.9e-05,0.002138,-0.000303,0.000132,0.000206,0.000883,0.000875,-0.006067,-0.000635,-0.001383,-0.001287,0.002012,0.000639,0.005655,-0.000822,-0.000475,0.002493,-0.001238,-0.000797,-0.000229,jalan,tanah_kering,jalan
0.002913,-0.00013,0.002911,0.000479,-0.000391,-0.000134,-6.5e-05,0.017862,-0.001024,0.000715,-0.000217,-5.5e-05,9.5e-05,-0.000891,-0.001436,0.000374,-0.000189,-0.000675,-0.001945,0.001764,-0.002169,0.001381,-0.00099,-0.000109,0.001863,0.000618,-0.005226,-0.002127,-0.000586,0.000492,-0.000198,-0.000351,0.001814,-0.002033,-0.000368,-0.000698,0.000248,-0.000225,0.015537,-0.001213,-0.000574,-0.004158,-0.001326,-0.000622,0.001846,-0.002222,0.000168,-0.000811,-0.017925,0.000399,-0.001602,0.004755,-0.000937,0.001932,0.000462,0.000637,0.000235,0.00407,-0.004416,0.000397,-0.000456,2.1e-05,1.7e-05,-0.004877,0.006823,-0.000284,0.000509,-0.000641,-0.000517,0.003189,-0.004477,0.01058,0.001791,-2.9e-05,0.001589,-0.00197,0.005466,-0.000832,-0.000731,-0.00074,-0.000301,-0.001186,0.018049,0.001108,-1e-05,4.4e-05,0.001366,0.000542,-0.004816,-0.001221,0.002689,-0.000469,-0.000605,0.002468,0.009542,0.001326,0.000521,-0.000555,-0.000414,-0.000359,0.000299,0.002447,-0.002054,0.000332,-0.000605,9.7e-05,-0.000248,-0.002262,-0.00074,-0.000641,0.000467,-0.000443,0.000168,-7.4e-05,-0.002213,-0.001999,0.003004,8e-05,-0.000118,-0.000452,-0.005394,-0.00141,0.006166,0.000267,-0.000916,-0.001045,-0.00042,0.001099,-0.000504,-0.001221,0.002687,0.001741,-9.5e-05,0.013811,0.001072,-0.000261,0.00139,-0.000536,0.000107,-0.000544,-2e-06,-0.005653,-0.001871,-0.001175,-0.000671,-0.00091,-5.9e-05,0.002138,-0.000303,0.000132,0.000206,0.000883,0.000875,-0.006067,-0.000635,-0.001383,-0.001287,0.002012,0.000639,0.005655,-0.000822,-0.000475,0.002493,-0.001238,-0.000797,-0.000229,-0.001728,-0.001036,-1e-05,-0.000463,0.001032,0.003195,0.007145,-0.006882,0.000389,-0.001814,-0.000299,0.041164,-0.005007,-0.004471,0.001053,0.00095,-0.001369,-0.00102,-9.7e-05,0.003618,-0.001642,0.001144,-0.000372,-0.000633,-0.000378,0.014603,-0.010204,0.002357,-0.000439,0.000175,0.000723,-0.005033,-0.005243,-0.000233,-0.000151,0.000473,-0.000639,0.00671,0.005299,-0.000324,0.020409,-0.001938,-0.000217,-0.018038,0.004147,0.000164,0.000919,-0.001457,-0.001986,-0.001022,0.001169,-0.003773,0.00087,0.001062,-0.000195,-0.00045,0.001373,-0.005816,-0.014149,-0.000626,0.000864,0.000393,0.000471,0.000229,0.001389,-0.000847,-5.1e-05,-0.001322,-0.000763,0.001656,-0.003283,-0.00037,-0.000357,9e-05,0.000317,0.000153,0.008089,-0.001627,-0.001888,0.000101,0.000462,-0.000853,-0.000875,0.004553,0.000443,-0.000963,-0.000359,-0.000471,0.000303,0.000227,jalan,tanah_kering,jalan
0.002689,-0.000469,-0.000605,0.002468,0.009542,0.001326,0.000521,-0.000555,-0.000414,-0.000359,0.000299,0.002447,-0.002054,0.000332,-0.000605,9.7e-05,-0.000248,-0.002262,-0.00074,-0.000641,0.000467,-0.000443,0.000168,-7.4e-05,-0.002213,-0.001999,0.003004,8e-05,-0.000118,-0.000452,-0.005394,-0.00141,0.006166,0.000267,-0.000916,-0.001045,-0.00042,0.001099,-0.000504,-0.001221,0.002687,0.001741,-9.5e-05,0.013811,0.001072,-0.000261,0.00139,-0.000536,0.000107,-0.000544,-2e-06,-0.005653,-0.001871,-0.001175,-0.000671,-0.00091,-5.9e-05,0.002138,-0.000303,0.000132,0.000206,0.000883,0.000875,-0.006067,-0.000635,-0.001383,-0.001287,0.002012,0.000639,0.005655,-0.000822,-0.000475,0.002493,-0.001238,-0.000797,-0.000229,-0.001728,-0.001036,-1e-05,-0.000463,0.001032,0.003195,0.007145,-0.006882,0.000389,-0.001814,-0.000299,0.041164,-0.005007,-0.004471,0.001053,0.00095,-0.001369,-0.00102,-9.7e-05,0.003618,-0.001642,0.001144,-0.000372,-0.000633,-0.000378,0.014603,-0.010204,0.002357,-0.000439,0.000175,0.000723,-0.005033,-0.005243,-0.000233,-0.000151,0.000473,-0.000639,0.00671,0.005299,-0.000324,0.020409,-0.001938,-0.000217,-0.018038,0.004147,0.000164,0.000919,-0.001457,-0.001986,-0.001022,0.001169,-0.003773,0.00087,0.001062,-0.000195,-0.00045,0.001373,-0.005816,-0.014149,-0.000626,0.000864,0.000393,0.000471,0.000229,0.001389,-0.000847,-5.1e-05,-0.001322,-0.000763,0.001656,-0.003283,-0.00037,-0.000357,9e-05,0.000317,0.000153,0.008089,-0.001627,-0.001888,0.000101,0.000462,-0.000853,-0.000875,0.004553,0.000443,-0.000963,-0.000359,-0.000471,0.000303,0.000227,0.004911,-0.000301,2.7e-05,-0.00095,0.000818,-0.000616,0.008049,-0.003384,-0.000645,2.9e-05,-0.000702,-0.000372,-0.006132,-0.001417,-0.001024,0.000296,-1.1e-05,0.000141,0.001389,0.00935,0.001759,-0.001249,-0.000584,-0.000671,-0.000118,0.010277,-0.003302,0.001492,-0.00013,-0.000298,-0.00626,0.000778,-0.00412,-0.000362,0.000759,-0.000381,7.2e-05,-0.000113,0.003267,0.001217,0.001329,0.000942,0.0,0.000681,0.002514,0.001614,0.004381,-0.001446,-0.001057,0.000423,-0.009081,-0.001474,0.001699,-0.000147,-0.001598,-0.00038,-0.003176,-0.002855,0.000389,-0.0002,-0.000114,0.00037,-0.000481,0.013361,0.003252,-0.000549,-0.000631,0.001659,0.000252,0.002842,-0.004225,-0.000219,-0.000792,-0.000172,-0.000708,-0.012352,-0.006268,0.00218,0.000227,-0.000559,0.000305,0.002722,-0.013294,-0.003626,0.001024,0.000225,-0.00046,2.1e-05,0.000113,-0.003185,jalan,tanah_kering,jalan
0.001053,0.00095,-0.001369,-0.00102,-9.7e-05,0.003618,-0.001642,0.001144,-0.000372,-0.000633,-0.000378,0.014603,-0.010204,0.002357,-0.000439,0.000175,0.000723,-0.005033,-0.005243,-0.000233,-0.000151,0.000473,-0.000639,0.00671,0.005299,-0.000324,0.020409,-0.001938,-0.000217,-0.018038,0.004147,0.000164,0.000919,-0.001457,-0.001986,-0.001022,0.001169,-0.003773,0.00087,0.001062,-0.000195,-0.00045,0.001373,-0.005816,-0.014149,-0.000626,0.000864,0.000393,0.000471,0.000229,0.001389,-0.000847,-5.1e-05,-0.001322,-0.000763,0.001656,-0.003283,-0.00037,-0.000357,9e-05,0.000317,0.000153,0.008089,-0.001627,-0.001888,0.000101,0.000462,-0.000853,-0.000875,0.004553,0.000443,-0.000963,-0.000359,-0.000471,0.000303,0.000227,0.004911,-0.000301,2.7e-05,-0.00095,0.000818,-0.000616,0.008049,-0.003384,-0.000645,2.9e-05,-0.000702,-0.000372,-0.006132,-0.001417,-0.001024,0.000296,-1.1e-05,0.000141,0.001389,0.00935,0.001759,-0.001249,-0.000584,-0.000671,-0.000118,0.010277,-0.003302,0.001492,-0.00013,-0.000298,-0.00626,0.000778,-0.00412,-0.000362,0.000759,-0.000381,7.2e-05,-0.000113,0.003267,0.001217,0.001329,0.000942,0.0,0.000681,0.002514,0.001614,0.004381,-0.001446,-0.001057,0.000423,-0.009081,-0.001474,0.001699,-0.000147,-0.001598,-0.00038,-0.003176,-0.002855,0.000389,-0.0002,-0.000114,0.00037,-0.000481,0.013361,0.003252,-0.000549,-0.000631,0.001659,0.000252,0.002842,-0.004225,-0.000219,-0.000792,-0.000172,-0.000708,-0.012352,-0.006268,0.00218,0.000227,-0.000559,0.000305,0.002722,-0.013294,-0.003626,0.001024,0.000225,-0.00046,2.1e-05,0.000113,-0.003185,0.000387,-0.000759,-0.000399,-0.00053,-0.000456,0.001635,0.000399,0.002964,0.00042,-0.000866,-4e-06,0.000101,0.006514,0.00024,-0.001434,-0.00012,0.000212,-0.000208,-0.000443,0.002064,-2e-06,-0.001522,-0.000822,0.000175,-0.000622,0.00021,-0.002916,0.00104,-0.000542,-0.000656,6.5e-05,0.000256,-0.004414,9.9e-05,0.00054,0.000347,-0.000265,-0.000404,-0.000835,0.00165,0.001093,-0.002008,-0.000946,0.000465,-0.00268,0.004114,0.002293,-0.000652,-0.000187,-0.00037,-0.000345,-0.001698,0.001951,0.001043,0.000294,-0.000828,-5.5e-05,0.002569,0.000353,0.000374,-6.3e-05,-0.000113,-0.000252,-2.9e-05,0.012222,0.000332,0.001511,-0.000467,-0.000559,0.000179,0.006126,-0.001654,-0.000298,0.000313,-0.000204,-0.000483,-0.000845,-0.003567,-0.006519,-0.000372,0.000282,-0.000889,0.00219,0.002426,-0.003359,-0.000311,-8.4e-05,-0.00041,0.001024,-0.007298,jalan,tanah_kering,jalan
-0.001024,0.000296,-1.1e-05,0.000141,0.001389,0.00935,0.001759,-0.001249,-0.000584,-0.000671,-0.000118,0.010277,-0.003302,0.001492,-0.00013,-0.000298,-0.00626,0.000778,-0.00412,-0.000362,0.000759,-0.000381,7.2e-05,-0.000113,0.003267,0.001217,0.001329,0.000942,0.0,0.000681,0.002514,0.001614,0.004381,-0.001446,-0.001057,0.000423,-0.009081,-0.001474,0.001699,-0.000147,-0.001598,-0.00038,-0.003176,-0.002855,0.000389,-0.0002,-0.000114,0.00037,-0.000481,0.013361,0.003252,-0.000549,-0.000631,0.001659,0.000252,0.002842,-0.004225,-0.000219,-0.000792,-0.000172,-0.000708,-0.012352,-0.006268,0.00218,0.000227,-0.000559,0.000305,0.002722,-0.013294,-0.003626,0.001024,0.000225,-0.00046,2.1e-05,0.000113,-0.003185,0.000387,-0.000759,-0.000399,-0.00053,-0.000456,0.001635,0.000399,0.002964,0.00042,-0.000866,-4e-06,0.000101,0.006514,0.00024,-0.001434,-0.00012,0.000212,-0.000208,-0.000443,0.002064,-2e-06,-0.001522,-0.000822,0.000175,-0.000622,0.00021,-0.002916,0.00104,-0.000542,-0.000656,6.5e-05,0.000256,-0.004414,9.9e-05,0.00054,0.000347,-0.000265,-0.000404,-0.000835,0.00165,0.001093,-0.002008,-0.000946,0.000465,-0.00268,0.004114,0.002293,-0.000652,-0.000187,-0.00037,-0.000345,-0.001698,0.001951,0.001043,0.000294,-0.000828,-5.5e-05,0.002569,0.000353,0.000374,-6.3e-05,-0.000113,-0.000252,-2.9e-05,0.012222,0.000332,0.001511,-0.000467,-0.000559,0.000179,0.006126,-0.001654,-0.000298,0.000313,-0.000204,-0.000483,-0.000845,-0.003567,-0.006519,-0.000372,0.000282,-0.000889,0.00219,0.002426,-0.003359,-0.000311,-8.4e-05,-0.00041,0.001024,-0.007298,0.01063,-0.006136,0.000793,0.000141,0.000587,-0.000872,0.018749,-0.009499,-0.002136,-0.001242,0.000397,0.000383,-0.000448,0.00193,0.00032,-0.001934,-0.001526,-0.000746,1.3e-05,-0.008823,-0.001331,-0.001335,-0.000324,-0.000755,-0.000584,0.00012,0.005798,0.000591,0.00635,5.5e-05,-0.002085,0.001141,-0.008965,-0.002455,-0.001537,0.000713,-0.000372,-0.005238,-0.001905,-0.0044,-0.000984,-0.001072,-0.000103,-0.000551,-9.9e-05,-0.000261,-0.002792,-0.006292,-0.000324,-0.000265,4.2e-05,-0.000244,0.006393,-0.002642,0.000343,-0.000383,0.00058,0.000914,-0.00355,0.006468,0.004734,0.000288,-0.000278,-0.000481,-0.000496,-0.00054,-0.000957,0.000183,-0.001223,-0.000345,-0.000738,-0.000431,-5.5e-05,0.005966,0.000658,-0.000423,-0.000645,-0.000347,0.000137,0.008047,-0.000908,-0.000425,-0.000736,-0.000406,0.000225,0.001678,0.000704,-0.001789,0.013016,0.00074,jalan,tanah_kering,jalan
-0.001434,-0.00012,0.000212,-0.000208,-0.000443,0.002064,-2e-06,-0.001522,-0.000822,0.000175,-0.000622,0.00021,-0.002916,0.00104,-0.000542,-0.000656,6.5e-05,0.000256,-0.004414,9.9e-05,0.00054,0.000347,-0.000265,-0.000404,-0.000835,0.00165,0.001093,-0.002008,-0.000946,0.000465,-0.00268,0.004114,0.002293,-0.000652,-0.000187,-0.00037,-0.000345,-0.001698,0.001951,0.001043,0.000294,-0.000828,-5.5e-05,0.002569,0.000353,0.000374,-6.3e-05,-0.000113,-0.000252,-2.9e-05,0.012222,0.000332,0.001511,-0.000467,-0.000559,0.000179,0.006126,-0.001654,-0.000298,0.000313,-0.000204,-0.000483,-0.000845,-0.003567,-0.006519,-0.000372,0.000282,-0.000889,0.00219,0.002426,-0.003359,-0.000311,-8.4e-05,-0.00041,0.001024,-0.007298,0.01063,-0.006136,0.000793,0.000141,0.000587,-0.000872,0.018749,-0.009499,-0.002136,-0.001242,0.000397,0.000383,-0.000448,0.00193,0.00032,-0.001934,-0.001526,-0.000746,1.3e-05,-0.008823,-0.001331,-0.001335,-0.000324,-0.000755,-0.000584,0.00012,0.005798,0.000591,0.00635,5.5e-05,-0.002085,0.001141,-0.008965,-0.002455,-0.001537,0.000713,-0.000372,-0.005238,-0.001905,-0.0044,-0.000984,-0.001072,-0.000103,-0.000551,-9.9e-05,-0.000261,-0.002792,-0.006292,-0.000324,-0.000265,4.2e-05,-0.000244,0.006393,-0.002642,0.000343,-0.000383,0.00058,0.000914,-0.00355,0.006468,0.004734,0.000288,-0.000278,-0.000481,-0.000496,-0.00054,-0.000957,0.000183,-0.001223,-0.000345,-0.000738,-0.000431,-5.5e-05,0.005966,0.000658,-0.000423,-0.000645,-0.000347,0.000137,0.008047,-0.000908,-0.000425,-0.000736,-0.000406,0.000225,0.001678,0.000704,-0.001789,0.013016,0.00074,-0.000238,0.000719,0.001179,0.001141,-0.00425,-0.001984,0.000341,-0.000406,-0.00045,0.013355,0.003492,-0.001957,-0.001698,0.000401,0.000202,0.003725,0.0005,0.000799,-0.000757,-0.000647,0.000124,0.000275,-0.000652,0.000546,0.000374,0.000799,0.002298,0.000187,-0.000351,-0.001497,-0.008598,-0.005356,0.000668,-0.001793,-0.130777,0.00606,-0.009245,-0.002552,-7.1e-05,0.000116,-0.000685,0.000668,-0.010635,0.000944,0.004641,-0.000439,-0.00024,0.00012,-0.014822,-0.011227,0.001118,-0.000654,-0.00033,-6.7e-05,0.00753,-0.001637,-0.003403,0.000124,0.000719,0.001251,0.000851,0.001909,-0.001438,-0.000877,-0.000738,-0.005363,-0.022507,0.003933,0.003475,0.001581,-0.000168,0.000483,0.011023,-0.000982,0.001398,0.000313,0.000238,-0.002253,0.003511,-0.001057,0.001678,-0.00034,-0.000431,-0.003933,0.002314,-0.000391,0.000288,-0.001249,0.000505,-0.004833,jalan,tanah_kering,jalan
0.00032,-0.001934,-0.001526,-0.000746,1.3e-05,-0.008823,-0.001331,-0.001335,-0.000324,-0.000755,-0.000584,0.00012,0.005798,0.000591,0.00635,5.5e-05,-0.002085,0.001141,-0.008965,-0.002455,-0.001537,0.000713,-0.000372,-0.005238,-0.001905,-0.0044,-0.000984,-0.001072,-0.000103,-0.000551,-9.9e-05,-0.000261,-0.002792,-0.006292,-0.000324,-0.000265,4.2e-05,-0.000244,0.006393,-0.002642,0.000343,-0.000383,0.00058,0.000914,-0.00355,0.006468,0.004734,0.000288,-0.000278,-0.000481,-0.000496,-0.00054,-0.000957,0.000183,-0.001223,-0.000345,-0.000738,-0.000431,-5.5e-05,0.005966,0.000658,-0.000423,-0.000645,-0.000347,0.000137,0.008047,-0.000908,-0.000425,-0.000736,-0.000406,0.000225,0.001678,0.000704,-0.001789,0.013016,0.00074,-0.000238,0.000719,0.001179,0.001141,-0.00425,-0.001984,0.000341,-0.000406,-0.00045,0.013355,0.003492,-0.001957,-0.001698,0.000401,0.000202,0.003725,0.0005,0.000799,-0.000757,-0.000647,0.000124,0.000275,-0.000652,0.000546,0.000374,0.000799,0.002298,0.000187,-0.000351,-0.001497,-0.008598,-0.005356,0.000668,-0.001793,-0.130777,0.00606,-0.009245,-0.002552,-7.1e-05,0.000116,-0.000685,0.000668,-0.010635,0.000944,0.004641,-0.000439,-0.00024,0.00012,-0.014822,-0.011227,0.001118,-0.000654,-0.00033,-6.7e-05,0.00753,-0.001637,-0.003403,0.000124,0.000719,0.001251,0.000851,0.001909,-0.001438,-0.000877,-0.000738,-0.005363,-0.022507,0.003933,0.003475,0.001581,-0.000168,0.000483,0.011023,-0.000982,0.001398,0.000313,0.000238,-0.002253,0.003511,-0.001057,0.001678,-0.00034,-0.000431,-0.003933,0.002314,-0.000391,0.000288,-0.001249,0.000505,-0.004833,0.005232,-0.002766,0.001099,-0.000362,0.000624,0.000809,-0.008537,-0.005201,-0.000792,-0.000765,0.000448,-0.000151,0.014233,-5.3e-05,0.002102,-0.002253,-0.000826,-1e-05,0.01292,-0.00766,0.00057,0.004145,0.001389,-0.000584,9.2e-05,-0.000362,-0.01783,0.001675,-0.001305,0.020313,-0.000576,0.003565,0.000631,0.000286,-0.003471,-0.009808,0.00322,0.001333,-0.000179,-0.000641,-0.000345,0.015711,-0.009609,0.001253,0.001427,-0.001352,0.001776,0.003683,0.001545,-0.001213,0.000156,-0.001148,-0.001129,-0.000629,-0.007954,0.004045,-0.001583,0.000463,-0.00061,-0.027603,-0.005371,-0.000839,0.000715,-0.000158,-0.000914,-0.001352,-0.003254,-0.000286,0.000742,0.00098,-0.001038,0.000778,-0.008249,0.003635,0.000153,-0.000467,0.000401,-0.001442,-0.003113,-0.003496,-0.000444,0.00032,-0.00013,-0.000349,0.003656,0.00124,-0.001726,0.000195,-0.001215,0.001572,jalan,tanah_kering,jalan
0.000202,0.003725,0.0005,0.000799,-0.000757,-0.000647,0.000124,0.000275,-0.000652,0.000546,0.000374,0.000799,0.002298,0.000187,-0.000351,-0.001497,-0.008598,-0.005356,0.000668,-0.001793,-0.130777,0.00606,-0.009245,-0.002552,-7.1e-05,0.000116,-0.000685,0.000668,-0.010635,0.000944,0.004641,-0.000439,-0.00024,0.00012,-0.014822,-0.011227,0.001118,-0.000654,-0.00033,-6.7e-05,0.00753,-0.001637,-0.003403,0.000124,0.000719,0.001251,0.000851,0.001909,-0.001438,-0.000877,-0.000738,-0.005363,-0.022507,0.003933,0.003475,0.001581,-0.000168,0.000483,0.011023,-0.000982,0.001398,0.000313,0.000238,-0.002253,0.003511,-0.001057,0.001678,-0.00034,-0.000431,-0.003933,0.002314,-0.000391,0.000288,-0.001249,0.000505,-0.004833,0.005232,-0.002766,0.001099,-0.000362,0.000624,0.000809,-0.008537,-0.005201,-0.000792,-0.000765,0.000448,-0.000151,0.014233,-5.3e-05,0.002102,-0.002253,-0.000826,-1e-05,0.01292,-0.00766,0.00057,0.004145,0.001389,-0.000584,9.2e-05,-0.000362,-0.01783,0.001675,-0.001305,0.020313,-0.000576,0.003565,0.000631,0.000286,-0.003471,-0.009808,0.00322,0.001333,-0.000179,-0.000641,-0.000345,0.015711,-0.009609,0.001253,0.001427,-0.001352,0.001776,0.003683,0.001545,-0.001213,0.000156,-0.001148,-0.001129,-0.000629,-0.007954,0.004045,-0.001583,0.000463,-0.00061,-0.027603,-0.005371,-0.000839,0.000715,-0.000158,-0.000914,-0.001352,-0.003254,-0.000286,0.000742,0.00098,-0.001038,0.000778,-0.008249,0.003635,0.000153,-0.000467,0.000401,-0.001442,-0.003113,-0.003496,-0.000444,0.00032,-0.00013,-0.000349,0.003656,0.00124,-0.001726,0.000195,-0.001215,0.001572,-0.000771,0.00717,-0.000572,-0.000555,-0.000244,-0.001003,0.000669,0.005848,0.001259,-0.000444,-0.000507,-0.000513,-0.000351,-0.005888,-0.001501,0.00045,-0.001883,0.001221,-0.000475,-0.000458,-0.000713,0.003372,-0.001001,-0.000206,-5.1e-05,8.2e-05,-0.000422,-0.00032,0.000269,-0.000834,0.000565,0.000799,0.000315,-2.3e-05,0.00046,0.000546,-0.000551,-0.000797,-0.000681,0.006289,-0.003872,-0.003035,0.000353,0.000402,0.001211,0.002222,-0.004305,0.001141,0.000135,0.000196,-0.001289,9.9e-05,0.009708,0.000618,-0.000526,-0.000988,-0.001255,-0.000282,-0.00564,-0.005159,0.000708,-0.000996,-0.000393,-0.001564,-5.7e-05,-0.004299,-0.000412,-0.000963,-0.001104,0.000547,0.000193,0.010126,-0.001221,-0.000486,-0.000124,-0.00037,0.000957,-9.7e-05,0.01186,-0.005066,0.002472,-0.001974,0.000872,0.001194,0.005943,-0.000422,0.000153,-0.000792,0.001093,0.000254,jalan,tanah_kering,jalan
0.002102,-0.002253,-0.000826,-1e-05,0.01292,-0.00766,0.00057,0.004145,0.001389,-0.000584,9.2e-05,-0.000362,-0.01783,0.001675,-0.001305,0.020313,-0.000576,0.003565,0.000631,0.000286,-0.003471,-0.009808,0.00322,0.001333,-0.000179,-0.000641,-0.000345,0.015711,-0.009609,0.001253,0.001427,-0.001352,0.001776,0.003683,0.001545,-0.001213,0.000156,-0.001148,-0.001129,-0.000629,-0.007954,0.004045,-0.001583,0.000463,-0.00061,-0.027603,-0.005371,-0.000839,0.000715,-0.000158,-0.000914,-0.001352,-0.003254,-0.000286,0.000742,0.00098,-0.001038,0.000778,-0.008249,0.003635,0.000153,-0.000467,0.000401,-0.001442,-0.003113,-0.003496,-0.000444,0.00032,-0.00013,-0.000349,0.003656,0.00124,-0.001726,0.000195,-0.001215,0.001572,-0.000771,0.00717,-0.000572,-0.000555,-0.000244,-0.001003,0.000669,0.005848,0.001259,-0.000444,-0.000507,-0.000513,-0.000351,-0.005888,-0.001501,0.00045,-0.001883,0.001221,-0.000475,-0.000458,-0.000713,0.003372,-0.001001,-0.000206,-5.1e-05,8.2e-05,-0.000422,-0.00032,0.000269,-0.000834,0.000565,0.000799,0.000315,-2.3e-05,0.00046,0.000546,-0.000551,-0.000797,-0.000681,0.006289,-0.003872,-0.003035,0.000353,0.000402,0.001211,0.002222,-0.004305,0.001141,0.000135,0.000196,-0.001289,9.9e-05,0.009708,0.000618,-0.000526,-0.000988,-0.001255,-0.000282,-0.00564,-0.005159,0.000708,-0.000996,-0.000393,-0.001564,-5.7e-05,-0.004299,-0.000412,-0.000963,-0.001104,0.000547,0.000193,0.010126,-0.001221,-0.000486,-0.000124,-0.00037,0.000957,-9.7e-05,0.01186,-0.005066,0.002472,-0.001974,0.000872,0.001194,0.005943,-0.000422,0.000153,-0.000792,0.001093,0.000254,0.003729,-0.002333,-0.001135,9.5e-05,-0.00116,-0.000191,-0.007698,-0.000629,-0.001041,-0.000799,0.000408,-0.000868,-0.002153,0.012976,0.000381,0.000498,0.000175,0.00024,0.001043,-0.01193,-0.00202,0.01132,0.000139,0.002485,-0.000273,-0.00069,-0.000366,0.003593,-0.000584,-0.00012,-0.000496,0.001434,-0.005981,0.005417,0.001755,-0.001732,-0.00053,-0.000546,0.001785,-0.00621,-0.000223,-0.001608,0.000759,-0.000265,0.000109,-0.000177,0.002975,-0.000574,-0.000574,0.000454,-0.000757,-0.005682,-0.001312,-0.000563,-0.000103,-0.000765,-0.000242,0.017269,-0.001232,-0.000109,0.000103,-0.000418,0.000412,0.008705,-0.000299,0.000376,-0.001249,-0.000443,0.000746,0.012291,0.00112,3.4e-05,-0.001839,-0.000513,-8.2e-05,0.010458,-0.000196,0.001616,-0.000187,-0.000134,-0.000807,-0.00408,-0.004087,0.000284,0.000484,-0.000835,0.000246,-0.000219,-0.010408,-0.001602,jalan,tanah_kering,jalan
-0.001501,0.00045,-0.001883,0.001221,-0.000475,-0.000458,-0.000713,0.003372,-0.001001,-0.000206,-5.1e-05,8.2e-05,-0.000422,-0.00032,0.000269,-0.000834,0.000565,0.000799,0.000315,-2.3e-05,0.00046,0.000546,-0.000551,-0.000797,-0.000681,0.006289,-0.003872,-0.003035,0.000353,0.000402,0.001211,0.002222,-0.004305,0.001141,0.000135,0.000196,-0.001289,9.9e-05,0.009708,0.000618,-0.000526,-0.000988,-0.001255,-0.000282,-0.00564,-0.005159,0.000708,-0.000996,-0.000393,-0.001564,-5.7e-05,-0.004299,-0.000412,-0.000963,-0.001104,0.000547,0.000193,0.010126,-0.001221,-0.000486,-0.000124,-0.00037,0.000957,-9.7e-05,0.01186,-0.005066,0.002472,-0.001974,0.000872,0.001194,0.005943,-0.000422,0.000153,-0.000792,0.001093,0.000254,0.003729,-0.002333,-0.001135,9.5e-05,-0.00116,-0.000191,-0.007698,-0.000629,-0.001041,-0.000799,0.000408,-0.000868,-0.002153,0.012976,0.000381,0.000498,0.000175,0.00024,0.001043,-0.01193,-0.00202,0.01132,0.000139,0.002485,-0.000273,-0.00069,-0.000366,0.003593,-0.000584,-0.00012,-0.000496,0.001434,-0.005981,0.005417,0.001755,-0.001732,-0.00053,-0.000546,0.001785,-0.00621,-0.000223,-0.001608,0.000759,-0.000265,0.000109,-0.000177,0.002975,-0.000574,-0.000574,0.000454,-0.000757,-0.005682,-0.001312,-0.000563,-0.000103,-0.000765,-0.000242,0.017269,-0.001232,-0.000109,0.000103,-0.000418,0.000412,0.008705,-0.000299,0.000376,-0.001249,-0.000443,0.000746,0.012291,0.00112,3.4e-05,-0.001839,-0.000513,-8.2e-05,0.010458,-0.000196,0.001616,-0.000187,-0.000134,-0.000807,-0.00408,-0.004087,0.000284,0.000484,-0.000835,0.000246,-0.000219,-0.010408,-0.001602,-0.0014,-8e-05,-0.000374,-0.000383,0.002457,-0.005634,0.001045,-0.00066,-0.000198,-0.000429,-0.003214,-0.003567,0.000904,-0.00053,-0.00016,-0.00049,0.011717,-0.005489,0.000412,0.000975,-0.001057,-0.000402,-0.016592,0.000551,-0.003387,0.000959,0.002064,-0.000278,-0.000116,-0.000162,-0.002445,-0.002615,-8e-06,0.001301,-0.000668,-0.007271,-0.003033,-0.00239,0.000666,0.000645,0.000908,-0.008347,-0.000544,0.001932,-0.000343,-0.00069,0.000132,-0.000526,0.009897,0.001337,-0.075626,-0.000296,0.001278,-0.000933,-0.013311,0.017488,0.003725,0.00028,-7.2e-05,-0.0135,-0.003086,0.000559,0.003208,-0.002274,-0.011866,0.001991,-0.001249,-0.002556,0.046417,-0.004208,-0.001471,-0.000877,-0.000364,-0.009602,0.002247,-0.000332,-0.019453,-0.006474,0.000137,0.009161,-0.009197,0.000235,0.001446,-0.000538,0.032875,-0.005991,0.00206,-0.00086,-0.014906,0.001158,jalan,tanah_kering,jalan
0.000381,0.000498,0.000175,0.00024,0.001043,-0.01193,-0.00202,0.01132,0.000139,0.002485,-0.000273,-0.00069,-0.000366,0.003593,-0.000584,-0.00012,-0.000496,0.001434,-0.005981,0.005417,0.001755,-0.001732,-0.00053,-0.000546,0.001785,-0.00621,-0.000223,-0.001608,0.000759,-0.000265,0.000109,-0.000177,0.002975,-0.000574,-0.000574,0.000454,-0.000757,-0.005682,-0.001312,-0.000563,-0.000103,-0.000765,-0.000242,0.017269,-0.001232,-0.000109,0.000103,-0.000418,0.000412,0.008705,-0.000299,0.000376,-0.001249,-0.000443,0.000746,0.012291,0.00112,3.4e-05,-0.001839,-0.000513,-8.2e-05,0.010458,-0.000196,0.001616,-0.000187,-0.000134,-0.000807,-0.00408,-0.004087,0.000284,0.000484,-0.000835,0.000246,-0.000219,-0.010408,-0.001602,-0.0014,-8e-05,-0.000374,-0.000383,0.002457,-0.005634,0.001045,-0.00066,-0.000198,-0.000429,-0.003214,-0.003567,0.000904,-0.00053,-0.00016,-0.00049,0.011717,-0.005489,0.000412,0.000975,-0.001057,-0.000402,-0.016592,0.000551,-0.003387,0.000959,0.002064,-0.000278,-0.000116,-0.000162,-0.002445,-0.002615,-8e-06,0.001301,-0.000668,-0.007271,-0.003033,-0.00239,0.000666,0.000645,0.000908,-0.008347,-0.000544,0.001932,-0.000343,-0.00069,0.000132,-0.000526,0.009897,0.001337,-0.075626,-0.000296,0.001278,-0.000933,-0.013311,0.017488,0.003725,0.00028,-7.2e-05,-0.0135,-0.003086,0.000559,0.003208,-0.002274,-0.011866,0.001991,-0.001249,-0.002556,0.046417,-0.004208,-0.001471,-0.000877,-0.000364,-0.009602,0.002247,-0.000332,-0.019453,-0.006474,0.000137,0.009161,-0.009197,0.000235,0.001446,-0.000538,0.032875,-0.005991,0.00206,-0.00086,-0.014906,0.001158,0.000765,-0.006741,0.001503,-0.000891,0.000774,0.000856,-0.002192,-0.001366,0.000212,-0.00164,0.001194,-5e-05,0.012497,-0.001638,-0.000858,-0.003874,0.000286,0.000263,-5.5e-05,0.003082,-0.000265,-0.001272,0.001665,0.000195,8.2e-05,-0.002289,0.001522,0.000256,0.000223,-0.000389,-0.013933,-0.003916,-0.000614,-0.000862,-0.000929,4.2e-05,0.00223,-0.006121,0.002287,0.00132,-0.000895,-0.000355,-0.012726,-0.005655,-0.001854,-0.00021,-0.000368,0.000143,-0.008947,-0.003597,0.000486,-0.000139,0.000105,-0.000175,-0.004116,-0.000576,0.001541,-0.000448,-0.000322,0.000542,0.008368,-0.00157,0.003569,-0.000864,0.001558,-8.4e-05,0.000401,0.00547,0.002453,-0.000158,8.2e-05,-0.000141,0.005323,-0.002884,0.000362,-0.000826,-0.000782,-0.000502,-0.007177,0.001026,-0.000704,-0.000307,0.000389,-0.001078,-0.002237,0.002409,0.00074,0.000666,-0.000204,-0.000351,jalan,tanah_kering,jalan
-0.00016,-0.00049,0.011717,-0.005489,0.000412,0.000975,-0.001057,-0.000402,-0.016592,0.000551,-0.003387,0.000959,0.002064,-0.000278,-0.000116,-0.000162,-0.002445,-0.002615,-8e-06,0.001301,-0.000668,-0.007271,-0.003033,-0.00239,0.000666,0.000645,0.000908,-0.008347,-0.000544,0.001932,-0.000343,-0.00069,0.000132,-0.000526,0.009897,0.001337,-0.075626,-0.000296,0.001278,-0.000933,-0.013311,0.017488,0.003725,0.00028,-7.2e-05,-0.0135,-0.003086,0.000559,0.003208,-0.002274,-0.011866,0.001991,-0.001249,-0.002556,0.046417,-0.004208,-0.001471,-0.000877,-0.000364,-0.009602,0.002247,-0.000332,-0.019453,-0.006474,0.000137,0.009161,-0.009197,0.000235,0.001446,-0.000538,0.032875,-0.005991,0.00206,-0.00086,-0.014906,0.001158,0.000765,-0.006741,0.001503,-0.000891,0.000774,0.000856,-0.002192,-0.001366,0.000212,-0.00164,0.001194,-5e-05,0.012497,-0.001638,-0.000858,-0.003874,0.000286,0.000263,-5.5e-05,0.003082,-0.000265,-0.001272,0.001665,0.000195,8.2e-05,-0.002289,0.001522,0.000256,0.000223,-0.000389,-0.013933,-0.003916,-0.000614,-0.000862,-0.000929,4.2e-05,0.00223,-0.006121,0.002287,0.00132,-0.000895,-0.000355,-0.012726,-0.005655,-0.001854,-0.00021,-0.000368,0.000143,-0.008947,-0.003597,0.000486,-0.000139,0.000105,-0.000175,-0.004116,-0.000576,0.001541,-0.000448,-0.000322,0.000542,0.008368,-0.00157,0.003569,-0.000864,0.001558,-8.4e-05,0.000401,0.00547,0.002453,-0.000158,8.2e-05,-0.000141,0.005323,-0.002884,0.000362,-0.000826,-0.000782,-0.000502,-0.007177,0.001026,-0.000704,-0.000307,0.000389,-0.001078,-0.002237,0.002409,0.00074,0.000666,-0.000204,-0.000351,-0.009075,-0.003027,-0.000477,-0.000778,-0.003483,0.005007,-0.004726,-0.000164,0.000574,-0.000677,0.000725,0.011446,-0.003223,-0.00032,-0.000521,0.000843,0.002401,0.002806,0.001051,0.000475,-0.000572,-0.000517,-0.000149,0.003496,0.003952,-0.000652,0.000652,-0.001348,0.000399,-0.008497,-0.000175,-0.008844,-0.000704,0.000874,-0.000984,-0.000273,-0.000477,-0.002541,-0.003189,0.000395,-0.000681,-0.000437,-0.000214,0.00841,0.001097,0.004665,0.001238,-0.001116,-0.000475,0.001129,0.000166,-0.005295,0.00116,-0.000967,-0.000353,-0.000456,0.009289,-0.002081,0.008593,0.002382,-0.001549,-0.000282,0.002632,-0.000547,-0.002159,0.001413,0.000935,-0.000212,-0.00139,0.002522,0.000881,0.000332,0.000196,-0.000317,0.001822,0.002741,0.002935,0.002041,7.8e-05,0.000122,-0.003941,0.001257,0.000265,-0.001143,0.000793,-0.000835,-0.000254,-0.000473,0.002916,-0.000742,jalan,tanah_kering,jalan
-0.000858,-0.003874,0.000286,0.000263,-5.5e-05,0.003082,-0.000265,-0.001272,0.001665,0.000195,8.2e-05,-0.002289,0.001522,0.000256,0.000223,-0.000389,-0.013933,-0.003916,-0.000614,-0.000862,-0.000929,4.2e-05,0.00223,-0.006121,0.002287,0.00132,-0.000895,-0.000355,-0.012726,-0.005655,-0.001854,-0.00021,-0.000368,0.000143,-0.008947,-0.003597,0.000486,-0.000139,0.000105,-0.000175,-0.004116,-0.000576,0.001541,-0.000448,-0.000322,0.000542,0.008368,-0.00157,0.003569,-0.000864,0.001558,-8.4e-05,0.000401,0.00547,0.002453,-0.000158,8.2e-05,-0.000141,0.005323,-0.002884,0.000362,-0.000826,-0.000782,-0.000502,-0.007177,0.001026,-0.000704,-0.000307,0.000389,-0.001078,-0.002237,0.002409,0.00074,0.000666,-0.000204,-0.000351,-0.009075,-0.003027,-0.000477,-0.000778,-0.003483,0.005007,-0.004726,-0.000164,0.000574,-0.000677,0.000725,0.011446,-0.003223,-0.00032,-0.000521,0.000843,0.002401,0.002806,0.001051,0.000475,-0.000572,-0.000517,-0.000149,0.003496,0.003952,-0.000652,0.000652,-0.001348,0.000399,-0.008497,-0.000175,-0.008844,-0.000704,0.000874,-0.000984,-0.000273,-0.000477,-0.002541,-0.003189,0.000395,-0.000681,-0.000437,-0.000214,0.00841,0.001097,0.004665,0.001238,-0.001116,-0.000475,0.001129,0.000166,-0.005295,0.00116,-0.000967,-0.000353,-0.000456,0.009289,-0.002081,0.008593,0.002382,-0.001549,-0.000282,0.002632,-0.000547,-0.002159,0.001413,0.000935,-0.000212,-0.00139,0.002522,0.000881,0.000332,0.000196,-0.000317,0.001822,0.002741,0.002935,0.002041,7.8e-05,0.000122,-0.003941,0.001257,0.000265,-0.001143,0.000793,-0.000835,-0.000254,-0.000473,0.002916,-0.000742,-7.8e-05,-0.000244,-0.000648,0.006002,-0.002966,2.5e-05,-0.009531,-0.002123,-0.000387,0.008215,-5.5e-05,0.001171,-0.000492,-0.000708,-0.000372,-0.004898,0.001881,0.001816,-7.4e-05,-0.000612,0.000597,-0.001631,-0.018095,-0.000956,-0.001093,-0.000481,-0.000856,-0.019793,-0.00321,-0.0021,-0.000805,-0.000347,-0.000591,-0.013069,-0.007191,-0.000484,-0.001732,0.000181,-0.000475,0.00893,-0.010418,0.00625,0.001043,0.000202,0.000423,-0.000381,-0.0042,0.000248,-0.000797,-0.000551,0.000202,-0.006756,-0.012169,0.000532,0.001156,-0.001276,-0.000605,-0.000378,0.008026,-0.000198,-0.014502,-0.001085,-0.000853,0.000401,-0.004734,-0.00033,-0.000978,-0.001154,-2.5e-05,0.000111,0.001135,-0.002918,-0.001888,-0.000559,0.0002,0.001297,-0.000328,0.006927,0.003365,-0.000732,-1.1e-05,-0.000259,-0.000303,0.012228,0.006884,-0.003082,-0.000151,-0.000324,0.007805,0.001249,jalan,tanah_kering,jalan
-0.000521,0.000843,0.002401,0.002806,0.001051,0.000475,-0.000572,-0.000517,-0.000149,0.003496,0.003952,-0.000652,0.000652,-0.001348,0.000399,-0.008497,-0.000175,-0.008844,-0.000704,0.000874,-0.000984,-0.000273,-0.000477,-0.002541,-0.003189,0.000395,-0.000681,-0.000437,-0.000214,0.00841,0.001097,0.004665,0.001238,-0.001116,-0.000475,0.001129,0.000166,-0.005295,0.00116,-0.000967,-0.000353,-0.000456,0.009289,-0.002081,0.008593,0.002382,-0.001549,-0.000282,0.002632,-0.000547,-0.002159,0.001413,0.000935,-0.000212,-0.00139,0.002522,0.000881,0.000332,0.000196,-0.000317,0.001822,0.002741,0.002935,0.002041,7.8e-05,0.000122,-0.003941,0.001257,0.000265,-0.001143,0.000793,-0.000835,-0.000254,-0.000473,0.002916,-0.000742,-7.8e-05,-0.000244,-0.000648,0.006002,-0.002966,2.5e-05,-0.009531,-0.002123,-0.000387,0.008215,-5.5e-05,0.001171,-0.000492,-0.000708,-0.000372,-0.004898,0.001881,0.001816,-7.4e-05,-0.000612,0.000597,-0.001631,-0.018095,-0.000956,-0.001093,-0.000481,-0.000856,-0.019793,-0.00321,-0.0021,-0.000805,-0.000347,-0.000591,-0.013069,-0.007191,-0.000484,-0.001732,0.000181,-0.000475,0.00893,-0.010418,0.00625,0.001043,0.000202,0.000423,-0.000381,-0.0042,0.000248,-0.000797,-0.000551,0.000202,-0.006756,-0.012169,0.000532,0.001156,-0.001276,-0.000605,-0.000378,0.008026,-0.000198,-0.014502,-0.001085,-0.000853,0.000401,-0.004734,-0.00033,-0.000978,-0.001154,-2.5e-05,0.000111,0.001135,-0.002918,-0.001888,-0.000559,0.0002,0.001297,-0.000328,0.006927,0.003365,-0.000732,-1.1e-05,-0.000259,-0.000303,0.012228,0.006884,-0.003082,-0.000151,-0.000324,0.007805,0.001249,-0.000851,-0.001112,-0.000494,1.1e-05,-0.023386,0.013073,0.00102,0.007008,-0.000927,0.015228,-0.006384,-0.000214,-0.000626,-0.000706,-0.000208,0.001175,0.012014,0.012253,-0.002829,0.000544,0.000778,-0.000826,0.007408,0.000999,-0.000929,0.001125,-0.000303,-0.001028,-0.001165,0.012648,0.000172,0.000484,8e-06,0.001125,-0.001493,-0.001373,-0.000103,-0.000715,0.000185,1e-05,0.000153,-0.022881,-0.001493,0.002369,-0.000597,0.001211,0.000628,0.001919,0.004272,0.001238,-0.000404,-0.000105,-0.000301,0.002302,0.009832,0.003338,-0.001127,-8e-06,0.000204,-0.000906,0.012543,-0.001543,0.000345,0.000536,-0.000301,-0.003687,-0.006563,0.003674,-8e-05,-0.000454,-0.001036,-0.005184,-0.002302,0.000278,-0.000811,0.000191,-0.000385,-0.000484,0.013567,-0.000681,-0.000296,0.000572,-0.00124,-0.003565,-0.005226,-0.003656,-0.001015,0.000296,-0.000746,-0.00292,jalan,tanah_kering,jalan
-0.000372,-0.004898,0.001881,0.001816,-7.4e-05,-0.000612,0.000597,-0.001631,-0.018095,-0.000956,-0.001093,-0.000481,-0.000856,-0.019793,-0.00321,-0.0021,-0.000805,-0.000347,-0.000591,-0.013069,-0.007191,-0.000484,-0.001732,0.000181,-0.000475,0.00893,-0.010418,0.00625,0.001043,0.000202,0.000423,-0.000381,-0.0042,0.000248,-0.000797,-0.000551,0.000202,-0.006756,-0.012169,0.000532,0.001156,-0.001276,-0.000605,-0.000378,0.008026,-0.000198,-0.014502,-0.001085,-0.000853,0.000401,-0.004734,-0.00033,-0.000978,-0.001154,-2.5e-05,0.000111,0.001135,-0.002918,-0.001888,-0.000559,0.0002,0.001297,-0.000328,0.006927,0.003365,-0.000732,-1.1e-05,-0.000259,-0.000303,0.012228,0.006884,-0.003082,-0.000151,-0.000324,0.007805,0.001249,-0.000851,-0.001112,-0.000494,1.1e-05,-0.023386,0.013073,0.00102,0.007008,-0.000927,0.015228,-0.006384,-0.000214,-0.000626,-0.000706,-0.000208,0.001175,0.012014,0.012253,-0.002829,0.000544,0.000778,-0.000826,0.007408,0.000999,-0.000929,0.001125,-0.000303,-0.001028,-0.001165,0.012648,0.000172,0.000484,8e-06,0.001125,-0.001493,-0.001373,-0.000103,-0.000715,0.000185,1e-05,0.000153,-0.022881,-0.001493,0.002369,-0.000597,0.001211,0.000628,0.001919,0.004272,0.001238,-0.000404,-0.000105,-0.000301,0.002302,0.009832,0.003338,-0.001127,-8e-06,0.000204,-0.000906,0.012543,-0.001543,0.000345,0.000536,-0.000301,-0.003687,-0.006563,0.003674,-8e-05,-0.000454,-0.001036,-0.005184,-0.002302,0.000278,-0.000811,0.000191,-0.000385,-0.000484,0.013567,-0.000681,-0.000296,0.000572,-0.00124,-0.003565,-0.005226,-0.003656,-0.001015,0.000296,-0.000746,-0.00292,0.016724,0.003407,-0.000978,0.000683,-0.000185,0.000278,-0.003719,0.00519,0.001467,0.000332,-0.019644,-0.005102,-0.000654,-0.000938,-0.002079,-0.000977,-0.003687,0.002218,-0.000673,0.000181,0.003567,0.000961,-0.000233,-0.000284,-0.003502,-0.000261,-0.005194,-0.022816,-0.000299,0.002415,0.000296,-0.012394,-0.004999,-0.002626,-0.003534,-0.001774,-0.00066,-0.000721,-0.001663,-0.00511,0.000433,0.001013,0.000767,-0.000746,0.023298,0.004522,-0.000519,0.000559,6.3e-05,-0.000332,0.018639,0.000767,-0.002087,0.000183,0.001888,-0.000759,0.003399,-0.0021,-0.000565,-0.001215,-0.000683,-0.000397,-0.015337,0.005882,0.006746,-0.004389,-0.000538,2.7e-05,0.005383,0.000349,-0.000256,-0.000595,-1.7e-05,-0.000212,0.011719,0.001841,-0.001305,-0.001038,-0.00083,-5.7e-05,-0.000624,0.002129,0.002573,-0.000139,-0.000305,-0.000906,-0.001245,0.013876,0.001499,0.000828,jalan,tanah_kering,jalan
-0.000208,0.001175,0.012014,0.012253,-0.002829,0.000544,0.000778,-0.000826,0.007408,0.000999,-0.000929,0.001125,-0.000303,-0.001028,-0.001165,0.012648,0.000172,0.000484,8e-06,0.001125,-0.001493,-0.001373,-0.000103,-0.000715,0.000185,1e-05,0.000153,-0.022881,-0.001493,0.002369,-0.000597,0.001211,0.000628,0.001919,0.004272,0.001238,-0.000404,-0.000105,-0.000301,0.002302,0.009832,0.003338,-0.001127,-8e-06,0.000204,-0.000906,0.012543,-0.001543,0.000345,0.000536,-0.000301,-0.003687,-0.006563,0.003674,-8e-05,-0.000454,-0.001036,-0.005184,-0.002302,0.000278,-0.000811,0.000191,-0.000385,-0.000484,0.013567,-0.000681,-0.000296,0.000572,-0.00124,-0.003565,-0.005226,-0.003656,-0.001015,0.000296,-0.000746,-0.00292,0.016724,0.003407,-0.000978,0.000683,-0.000185,0.000278,-0.003719,0.00519,0.001467,0.000332,-0.019644,-0.005102,-0.000654,-0.000938,-0.002079,-0.000977,-0.003687,0.002218,-0.000673,0.000181,0.003567,0.000961,-0.000233,-0.000284,-0.003502,-0.000261,-0.005194,-0.022816,-0.000299,0.002415,0.000296,-0.012394,-0.004999,-0.002626,-0.003534,-0.001774,-0.00066,-0.000721,-0.001663,-0.00511,0.000433,0.001013,0.000767,-0.000746,0.023298,0.004522,-0.000519,0.000559,6.3e-05,-0.000332,0.018639,0.000767,-0.002087,0.000183,0.001888,-0.000759,0.003399,-0.0021,-0.000565,-0.001215,-0.000683,-0.000397,-0.015337,0.005882,0.006746,-0.004389,-0.000538,2.7e-05,0.005383,0.000349,-0.000256,-0.000595,-1.7e-05,-0.000212,0.011719,0.001841,-0.001305,-0.001038,-0.00083,-5.7e-05,-0.000624,0.002129,0.002573,-0.000139,-0.000305,-0.000906,-0.001245,0.013876,0.001499,0.000828,-0.000975,-0.000906,9.2e-05,0.009722,-0.002954,0.002901,-0.00078,-0.000101,-0.00083,-0.000141,-0.018965,0.000626,-0.020023,0.004587,-8.2e-05,0.001801,-0.001438,0.000702,-0.000549,-0.00016,-0.00033,-0.000444,0.014412,-0.001474,-0.001093,0.000542,0.000484,-0.000612,0.009169,0.005144,-0.000612,-0.001402,-0.001625,-0.000546,0.006416,-0.006243,0.005861,-0.000231,0.001581,0.000416,-0.014076,-0.006535,-0.004395,0.002281,-0.000486,4.8e-05,0.013384,-0.002394,-0.001457,0.002222,0.000883,-0.000662,0.014135,-0.000273,-0.000767,-0.002142,0.000425,-0.001549,0.000153,-0.004646,0.000362,0.002316,-0.000708,-0.000191,-7.2e-05,-0.009792,-0.001276,8.2e-05,-0.004158,-0.001858,0.003016,0.010551,-0.002874,-0.001907,0.002893,-0.001022,0.000717,0.002043,0.002186,0.001696,-0.000988,0.000673,0.000391,-0.004004,-0.001156,0.001308,-0.000885,-0.000431,0.000557,0.000242,jalan,tanah_kering,jalan
-0.002079,-0.000977,-0.003687,0.002218,-0.000673,0.000181,0.003567,0.000961,-0.000233,-0.000284,-0.003502,-0.000261,-0.005194,-0.022816,-0.000299,0.002415,0.000296,-0.012394,-0.004999,-0.002626,-0.003534,-0.001774,-0.00066,-0.000721,-0.001663,-0.00511,0.000433,0.001013,0.000767,-0.000746,0.023298,0.004522,-0.000519,0.000559,6.3e-05,-0.000332,0.018639,0.000767,-0.002087,0.000183,0.001888,-0.000759,0.003399,-0.0021,-0.000565,-0.001215,-0.000683,-0.000397,-0.015337,0.005882,0.006746,-0.004389,-0.000538,2.7e-05,0.005383,0.000349,-0.000256,-0.000595,-1.7e-05,-0.000212,0.011719,0.001841,-0.001305,-0.001038,-0.00083,-5.7e-05,-0.000624,0.002129,0.002573,-0.000139,-0.000305,-0.000906,-0.001245,0.013876,0.001499,0.000828,-0.000975,-0.000906,9.2e-05,0.009722,-0.002954,0.002901,-0.00078,-0.000101,-0.00083,-0.000141,-0.018965,0.000626,-0.020023,0.004587,-8.2e-05,0.001801,-0.001438,0.000702,-0.000549,-0.00016,-0.00033,-0.000444,0.014412,-0.001474,-0.001093,0.000542,0.000484,-0.000612,0.009169,0.005144,-0.000612,-0.001402,-0.001625,-0.000546,0.006416,-0.006243,0.005861,-0.000231,0.001581,0.000416,-0.014076,-0.006535,-0.004395,0.002281,-0.000486,4.8e-05,0.013384,-0.002394,-0.001457,0.002222,0.000883,-0.000662,0.014135,-0.000273,-0.000767,-0.002142,0.000425,-0.001549,0.000153,-0.004646,0.000362,0.002316,-0.000708,-0.000191,-7.2e-05,-0.009792,-0.001276,8.2e-05,-0.004158,-0.001858,0.003016,0.010551,-0.002874,-0.001907,0.002893,-0.001022,0.000717,0.002043,0.002186,0.001696,-0.000988,0.000673,0.000391,-0.004004,-0.001156,0.001308,-0.000885,-0.000431,0.000557,0.000242,0.011822,0.001812,0.000647,1.3e-05,-0.000259,-0.006708,-0.010389,-0.003679,0.000391,-0.000349,-0.001043,-0.000813,-0.009626,-0.001434,7.1e-05,-0.001822,-0.000206,3.1e-05,-0.000275,-0.000711,0.004925,-0.001671,-0.001263,-0.00046,-0.000471,0.011438,0.001198,0.000526,-0.000273,-8e-06,-0.001478,-0.000116,-0.016806,-0.000837,0.00038,0.002518,0.001198,-0.000116,0.004965,-0.000774,0.001169,-0.000839,-0.000458,-0.000143,0.000406,-0.003593,0.001846,-0.000603,-0.000326,-0.000196,-0.000307,-0.00028,-0.000168,0.000887,-0.001322,0.001162,-0.00053,-0.000334,1.7e-05,0.000111,-0.001972,0.002283,-0.000187,-0.000391,-8.6e-05,-0.005186,0.001385,-0.00038,7.4e-05,-0.000313,-0.00111,0.000624,-0.000217,-0.000401,0.004251,0.000355,-0.002028,0.000479,-0.000595,-0.000511,0.000233,-0.004322,-0.001341,-0.000654,0.000797,0.000217,3.4e-05,0.0014,-0.001774,-0.001236,jalan,tanah_kering,jalan
-8.2e-05,0.001801,-0.001438,0.000702,-0.000549,-0.00016,-0.00033,-0.000444,0.014412,-0.001474,-0.001093,0.000542,0.000484,-0.000612,0.009169,0.005144,-0.000612,-0.001402,-0.001625,-0.000546,0.006416,-0.006243,0.005861,-0.000231,0.001581,0.000416,-0.014076,-0.006535,-0.004395,0.002281,-0.000486,4.8e-05,0.013384,-0.002394,-0.001457,0.002222,0.000883,-0.000662,0.014135,-0.000273,-0.000767,-0.002142,0.000425,-0.001549,0.000153,-0.004646,0.000362,0.002316,-0.000708,-0.000191,-7.2e-05,-0.009792,-0.001276,8.2e-05,-0.004158,-0.001858,0.003016,0.010551,-0.002874,-0.001907,0.002893,-0.001022,0.000717,0.002043,0.002186,0.001696,-0.000988,0.000673,0.000391,-0.004004,-0.001156,0.001308,-0.000885,-0.000431,0.000557,0.000242,0.011822,0.001812,0.000647,1.3e-05,-0.000259,-0.006708,-0.010389,-0.003679,0.000391,-0.000349,-0.001043,-0.000813,-0.009626,-0.001434,7.1e-05,-0.001822,-0.000206,3.1e-05,-0.000275,-0.000711,0.004925,-0.001671,-0.001263,-0.00046,-0.000471,0.011438,0.001198,0.000526,-0.000273,-8e-06,-0.001478,-0.000116,-0.016806,-0.000837,0.00038,0.002518,0.001198,-0.000116,0.004965,-0.000774,0.001169,-0.000839,-0.000458,-0.000143,0.000406,-0.003593,0.001846,-0.000603,-0.000326,-0.000196,-0.000307,-0.00028,-0.000168,0.000887,-0.001322,0.001162,-0.00053,-0.000334,1.7e-05,0.000111,-0.001972,0.002283,-0.000187,-0.000391,-8.6e-05,-0.005186,0.001385,-0.00038,7.4e-05,-0.000313,-0.00111,0.000624,-0.000217,-0.000401,0.004251,0.000355,-0.002028,0.000479,-0.000595,-0.000511,0.000233,-0.004322,-0.001341,-0.000654,0.000797,0.000217,3.4e-05,0.0014,-0.001774,-0.001236,0.000185,-0.00024,-8e-05,-0.001616,4.4e-05,0.001755,0.000124,-0.000246,0.000263,-0.000126,-0.002262,-0.001408,-0.000198,-0.000435,-0.000511,-0.000172,-0.002222,-0.002131,0.000198,-0.001541,-0.000565,-6.7e-05,-0.000326,0.003952,0.001495,-0.00106,-3.2e-05,0.000216,-0.000633,-0.017317,-0.000311,0.001135,-0.000294,-0.000916,-3.1e-05,0.027472,-0.001238,-0.000481,0.002914,9.3e-05,-0.000191,-0.000423,0.002611,0.003994,-0.000923,0.001236,-0.000177,-0.000235,-0.001791,-0.000591,-0.000954,-0.000179,-0.000593,-0.003117,-0.003859,0.001266,0.000463,-0.000237,-0.000187,-0.001038,0.000912,-0.004604,-0.000702,-0.000736,0.000233,-0.000433,0.002932,0.000515,0.000221,-0.000124,-9e-05,5e-05,0.000126,0.003481,0.002348,-0.000879,-0.000431,-0.000378,-0.007124,-0.008253,0.001301,0.00025,-0.000412,0.000248,0.000162,0.008301,-0.00741,0.001581,-7.2e-05,-0.000359,jalan,tanah_kering,jalan
7.1e-05,-0.001822,-0.000206,3.1e-05,-0.000275,-0.000711,0.004925,-0.001671,-0.001263,-0.00046,-0.000471,0.011438,0.001198,0.000526,-0.000273,-8e-06,-0.001478,-0.000116,-0.016806,-0.000837,0.00038,0.002518,0.001198,-0.000116,0.004965,-0.000774,0.001169,-0.000839,-0.000458,-0.000143,0.000406,-0.003593,0.001846,-0.000603,-0.000326,-0.000196,-0.000307,-0.00028,-0.000168,0.000887,-0.001322,0.001162,-0.00053,-0.000334,1.7e-05,0.000111,-0.001972,0.002283,-0.000187,-0.000391,-8.6e-05,-0.005186,0.001385,-0.00038,7.4e-05,-0.000313,-0.00111,0.000624,-0.000217,-0.000401,0.004251,0.000355,-0.002028,0.000479,-0.000595,-0.000511,0.000233,-0.004322,-0.001341,-0.000654,0.000797,0.000217,3.4e-05,0.0014,-0.001774,-0.001236,0.000185,-0.00024,-8e-05,-0.001616,4.4e-05,0.001755,0.000124,-0.000246,0.000263,-0.000126,-0.002262,-0.001408,-0.000198,-0.000435,-0.000511,-0.000172,-0.002222,-0.002131,0.000198,-0.001541,-0.000565,-6.7e-05,-0.000326,0.003952,0.001495,-0.00106,-3.2e-05,0.000216,-0.000633,-0.017317,-0.000311,0.001135,-0.000294,-0.000916,-3.1e-05,0.027472,-0.001238,-0.000481,0.002914,9.3e-05,-0.000191,-0.000423,0.002611,0.003994,-0.000923,0.001236,-0.000177,-0.000235,-0.001791,-0.000591,-0.000954,-0.000179,-0.000593,-0.003117,-0.003859,0.001266,0.000463,-0.000237,-0.000187,-0.001038,0.000912,-0.004604,-0.000702,-0.000736,0.000233,-0.000433,0.002932,0.000515,0.000221,-0.000124,-9e-05,5e-05,0.000126,0.003481,0.002348,-0.000879,-0.000431,-0.000378,-0.007124,-0.008253,0.001301,0.00025,-0.000412,0.000248,0.000162,0.008301,-0.00741,0.001581,-7.2e-05,-0.000359,0.000109,0.013237,-0.005745,-0.000656,-0.000275,0.000103,0.000347,-0.005629,0.003565,0.001858,-0.000687,-2.5e-05,-0.000114,-0.007925,-0.007488,0.000526,0.000113,-4.8e-05,0.001297,-0.000452,-0.00477,0.001923,-0.000637,0.002035,0.000309,-0.003708,0.005514,-0.000427,-0.000265,0.000134,-0.001766,-0.000753,-0.004814,-0.000296,0.001467,-0.000177,-0.000254,-0.004765,0.004803,-0.000189,-0.001204,-0.000263,-0.010839,-0.002901,0.001915,0.000525,-0.000301,-0.000622,-0.003551,-0.000469,-0.002014,0.000431,-0.000156,0.000116,0.002855,-0.00054,0.000931,-0.000719,-1.3e-05,-0.00034,0.004976,-0.004602,-0.000122,-0.000874,9.5e-05,-0.012066,0.003736,-0.000959,-5.5e-05,-0.000206,-0.000505,-0.007376,0.005005,-0.002577,-0.000574,-0.000292,0.000879,0.015862,0.011465,0.001389,-0.001316,-0.000555,0.000385,-0.000383,-0.002041,0.00032,-0.00029,-0.000404,0.000267,0.00375,jalan,tanah_kering,jalan
-0.000511,-0.000172,-0.002222,-0.002131,0.000198,-0.001541,-0.000565,-6.7e-05,-0.000326,0.003952,0.001495,-0.00106,-3.2e-05,0.000216,-0.000633,-0.017317,-0.000311,0.001135,-0.000294,-0.000916,-3.1e-05,0.027472,-0.001238,-0.000481,0.002914,9.3e-05,-0.000191,-0.000423,0.002611,0.003994,-0.000923,0.001236,-0.000177,-0.000235,-0.001791,-0.000591,-0.000954,-0.000179,-0.000593,-0.003117,-0.003859,0.001266,0.000463,-0.000237,-0.000187,-0.001038,0.000912,-0.004604,-0.000702,-0.000736,0.000233,-0.000433,0.002932,0.000515,0.000221,-0.000124,-9e-05,5e-05,0.000126,0.003481,0.002348,-0.000879,-0.000431,-0.000378,-0.007124,-0.008253,0.001301,0.00025,-0.000412,0.000248,0.000162,0.008301,-0.00741,0.001581,-7.2e-05,-0.000359,0.000109,0.013237,-0.005745,-0.000656,-0.000275,0.000103,0.000347,-0.005629,0.003565,0.001858,-0.000687,-2.5e-05,-0.000114,-0.007925,-0.007488,0.000526,0.000113,-4.8e-05,0.001297,-0.000452,-0.00477,0.001923,-0.000637,0.002035,0.000309,-0.003708,0.005514,-0.000427,-0.000265,0.000134,-0.001766,-0.000753,-0.004814,-0.000296,0.001467,-0.000177,-0.000254,-0.004765,0.004803,-0.000189,-0.001204,-0.000263,-0.010839,-0.002901,0.001915,0.000525,-0.000301,-0.000622,-0.003551,-0.000469,-0.002014,0.000431,-0.000156,0.000116,0.002855,-0.00054,0.000931,-0.000719,-1.3e-05,-0.00034,0.004976,-0.004602,-0.000122,-0.000874,9.5e-05,-0.012066,0.003736,-0.000959,-5.5e-05,-0.000206,-0.000505,-0.007376,0.005005,-0.002577,-0.000574,-0.000292,0.000879,0.015862,0.011465,0.001389,-0.001316,-0.000555,0.000385,-0.000383,-0.002041,0.00032,-0.00029,-0.000404,0.000267,0.00375,-0.00066,0.000374,-0.000269,0.000866,0.015398,-0.00169,-0.000639,-0.001184,-0.000565,-0.000441,-0.000265,-0.002584,-0.001087,-0.001093,-0.000477,-0.000608,0.003443,-0.004297,-0.000368,-0.002676,-2.7e-05,-0.004213,-0.005083,0.001926,0.001793,-0.000292,-0.000477,-1.5e-05,0.008314,-0.005672,0.000925,0.001451,-0.000126,-0.000252,0.003645,-0.008648,0.002432,-0.00025,-0.000557,-0.003887,-0.007359,-0.00104,0.000656,-0.000441,8.6e-05,0.005604,-0.012642,-0.003305,0.000866,-0.000793,-0.002226,0.000963,-0.003796,-0.000315,0.000681,-0.000402,-0.002745,-0.000328,0.014124,0.002243,-0.000507,-0.00037,-0.012249,-0.007767,-0.004368,-0.002668,0.001295,0.000797,0.00116,-0.011578,-0.001432,0.001675,-0.000174,0.000753,0.010292,-0.005735,-0.000463,-0.00069,-0.000561,-0.000288,0.00919,-0.003614,0.000124,-0.000557,5.9e-05,0.016014,-0.006592,-0.000732,-0.000359,-0.000374,jalan,tanah_kering,jalan
-0.007488,0.000526,0.000113,-4.8e-05,0.001297,-0.000452,-0.00477,0.001923,-0.000637,0.002035,0.000309,-0.003708,0.005514,-0.000427,-0.000265,0.000134,-0.001766,-0.000753,-0.004814,-0.000296,0.001467,-0.000177,-0.000254,-0.004765,0.004803,-0.000189,-0.001204,-0.000263,-0.010839,-0.002901,0.001915,0.000525,-0.000301,-0.000622,-0.003551,-0.000469,-0.002014,0.000431,-0.000156,0.000116,0.002855,-0.00054,0.000931,-0.000719,-1.3e-05,-0.00034,0.004976,-0.004602,-0.000122,-0.000874,9.5e-05,-0.012066,0.003736,-0.000959,-5.5e-05,-0.000206,-0.000505,-0.007376,0.005005,-0.002577,-0.000574,-0.000292,0.000879,0.015862,0.011465,0.001389,-0.001316,-0.000555,0.000385,-0.000383,-0.002041,0.00032,-0.00029,-0.000404,0.000267,0.00375,-0.00066,0.000374,-0.000269,0.000866,0.015398,-0.00169,-0.000639,-0.001184,-0.000565,-0.000441,-0.000265,-0.002584,-0.001087,-0.001093,-0.000477,-0.000608,0.003443,-0.004297,-0.000368,-0.002676,-2.7e-05,-0.004213,-0.005083,0.001926,0.001793,-0.000292,-0.000477,-1.5e-05,0.008314,-0.005672,0.000925,0.001451,-0.000126,-0.000252,0.003645,-0.008648,0.002432,-0.00025,-0.000557,-0.003887,-0.007359,-0.00104,0.000656,-0.000441,8.6e-05,0.005604,-0.012642,-0.003305,0.000866,-0.000793,-0.002226,0.000963,-0.003796,-0.000315,0.000681,-0.000402,-0.002745,-0.000328,0.014124,0.002243,-0.000507,-0.00037,-0.012249,-0.007767,-0.004368,-0.002668,0.001295,0.000797,0.00116,-0.011578,-0.001432,0.001675,-0.000174,0.000753,0.010292,-0.005735,-0.000463,-0.00069,-0.000561,-0.000288,0.00919,-0.003614,0.000124,-0.000557,5.9e-05,0.016014,-0.006592,-0.000732,-0.000359,-0.000374,-0.000271,-0.013647,0.001772,-0.000935,-0.001278,9.5e-05,0.001646,-0.006104,-0.003164,-0.000616,-0.000549,-0.000628,0.004356,0.000536,0.000816,0.000357,1.3e-05,-0.000664,-0.005056,-0.000914,0.001173,0.001062,-0.000221,0.000586,-0.000879,-0.00036,-0.000315,0.000116,-0.000381,-0.001038,0.009148,0.000202,-0.000635,-0.000616,-0.000122,-0.016291,-0.002939,0.000944,-0.00062,-0.000498,0.000351,-0.007919,0.000526,0.001303,-0.000301,-3.6e-05,-0.005564,0.004578,-0.001762,-0.000637,-0.000666,-9.9e-05,-0.002357,-0.002829,0.000265,0.000362,-0.000235,-2.7e-05,0.014818,0.002884,-0.000957,-0.000849,0.00058,0.003122,-0.002283,0.000195,0.000254,-0.000202,-0.000727,0.002527,0.011261,0.002707,-0.000452,0.000193,-0.000401,-0.011581,0.001249,-0.000772,-0.000322,-3.2e-05,-0.014956,-0.006071,0.000736,-0.001186,0.000387,-0.000443,0.012966,-0.004686,-0.00074,-0.00041,jalan,tanah_kering,jalan
